t,policy,budget,primary,alloc,N_acc,time_ms,throughput,models_used,uses_new,no_delay_ok
1,proposed,12,Fast,"{'Fast': 10, 'Accurate': 2}",6.48630981022958,83.9621656602055,0.07725276925894987,2,0,1
1,best_all,12,Fast,{'Fast': 12},5.478930085287463,88.3545987922466,0.06201069508753467,1,0,1
1,primary_only,12,Fast,{'Fast': 10},5.5827981358956364,83.9621656602055,0.06649183107650171,1,0,1
1,random_residual,12,Fast,"{'Fast': 10, 'Accurate': 2}",6.912552008360548,83.9621656602055,0.08232936768610298,2,0,1
2,proposed,12,Fast,"{'Fast': 10, 'Accurate': 2}",6.8633838015047015,80.28733493124872,0.0854852612480153,2,0,1
2,best_all,12,Fast,{'Fast': 12},6.073175392590315,83.94480191749847,0.07234724788032824,1,0,1
2,primary_only,12,Fast,{'Fast': 10},6.006882351377063,80.28733493124872,0.07481730906276624,1,0,1
2,random_residual,12,Fast,"{'Fast': 10, 'Accurate': 2}",7.30558075743946,80.28733493124872,0.09099294133620627,2,0,1
3,proposed,24,Balanced,"{'Balanced': 10, 'Accurate': 7, 'Fast': 7}",9.354263749652874,93.7070221073922,0.0998245759953026,3,0,1
3,best_all,24,Balanced,{'Balanced': 24},7.066032582988874,137.8168530577413,0.0512711792949474,1,0,1
3,primary_only,24,Balanced,{'Balanced': 10},6.396500710754199,93.7070221073922,0.06826063369534398,1,0,1
3,random_residual,24,Balanced,"{'Balanced': 10, 'Fast': 10, 'Accurate': 4}",8.22588980237841,93.7070221073922,0.08778306702512852,3,0,1
4,proposed,8,Balanced,{'Balanced': 8},5.4988255991268815,85.60911110086846,0.06423178010396488,1,0,1
4,best_all,8,Balanced,{'Balanced': 8},5.997694710944746,85.60911110086846,0.0700590700431172,1,0,1
4,primary_only,8,Balanced,{'Balanced': 8},5.413306933962676,85.60911110086846,0.06323283660292275,1,0,1
4,random_residual,8,Balanced,{'Balanced': 8},6.031192556956117,85.60911110086846,0.07045035837190153,1,0,1
5,proposed,12,Balanced,"{'Balanced': 10, 'Accurate': 2}",6.737120362198938,96.74183094726158,0.06964019903522038,2,0,1
5,best_all,12,Balanced,{'Balanced': 12},6.21259011503935,103.65019713671389,0.05993804437096233,1,0,1
5,primary_only,12,Balanced,{'Balanced': 10},6.523438226930568,96.74183094726158,0.06743141165569623,1,0,1
5,random_residual,12,Balanced,"{'Balanced': 10, 'Accurate': 2}",7.455073778186646,96.74183094726158,0.07706153279495764,2,0,1
6,proposed,8,Balanced,{'Balanced': 8},5.422817500774178,84.1329930189458,0.06445530232774462,1,0,1
6,best_all,8,Balanced,{'Balanced': 8},5.875010393712878,84.1329930189458,0.06983004149620461,1,0,1
6,primary_only,8,Balanced,{'Balanced': 8},5.738563562689217,84.1329930189458,0.06820824217435076,1,0,1
6,random_residual,8,Balanced,{'Balanced': 8},5.750625041071205,84.1329930189458,0.0683516042247092,1,0,1
7,proposed,6,Balanced,{'Balanced': 6},4.961708542226724,78.4675180793815,0.06323264280141015,1,0,1
7,best_all,6,Balanced,{'Balanced': 6},5.146789431133719,78.4675180793815,0.06559133711769728,1,0,1
7,primary_only,6,Balanced,{'Balanced': 6},5.146624908591454,78.4675180793815,0.06558924042155738,1,0,1
7,random_residual,6,Balanced,{'Balanced': 6},4.785959065586629,78.4675180793815,0.06099286918626536,1,0,1
8,proposed,6,Balanced,{'Balanced': 6},4.716706559563255,81.06880625242088,0.05818152230929642,1,0,1
8,best_all,6,Balanced,{'Balanced': 6},5.066302068401754,81.06880625242088,0.06249385309346976,1,0,1
8,primary_only,6,Balanced,{'Balanced': 6},5.923976681930197,81.06880625242088,0.07307344163283883,1,0,1
8,random_residual,6,Balanced,{'Balanced': 6},5.383845533972917,81.06880625242088,0.06641081548936888,1,0,1
9,proposed,24,Balanced,"{'Balanced': 10, 'Accurate': 7, 'Fast': 7}",9.400080368799522,92.46914127721789,0.10165640384415973,3,0,1
9,best_all,24,Balanced,{'Balanced': 24},7.479181735433222,134.8459390653229,0.05546464200015776,1,0,1
9,primary_only,24,Balanced,{'Balanced': 10},5.438530770553068,92.46914127721789,0.0588145482420846,1,0,1
9,random_residual,24,Balanced,"{'Balanced': 10, 'Fast': 10, 'Accurate': 4}",8.688310322909725,92.46914127721789,0.09395902463139139,3,0,1
10,proposed,12,Balanced,"{'Balanced': 10, 'Accurate': 2}",7.631592526339286,91.77685023998413,0.08315378558300593,2,0,1
10,best_all,12,Balanced,{'Balanced': 12},7.275485589408542,97.69222028798096,0.07447354116798227,1,0,1
10,primary_only,12,Balanced,{'Balanced': 10},6.675760281342725,91.77685023998413,0.07273904327601687,1,0,1
10,random_residual,12,Balanced,"{'Balanced': 10, 'Accurate': 2}",7.281964193541489,91.77685023998413,0.07934423740300665,2,0,1
11,proposed,12,Fast,"{'Fast': 10, 'Accurate': 2}",6.694287119080493,84.8457983792874,0.07889945344323268,2,0,1
11,best_all,12,Fast,{'Fast': 12},6.179922380988801,89.41495805514488,0.06911508449377629,1,0,1
11,primary_only,12,Fast,{'Fast': 10},5.5928708579930815,84.8457983792874,0.06591806506423795,1,0,1
11,random_residual,12,Fast,"{'Fast': 10, 'Accurate': 2}",6.0781715007126405,84.8457983792874,0.0716378608819414,2,0,1
12,proposed,6,Fast,{'Fast': 6},5.159809625979195,73.16659890360566,0.07052138138574757,1,0,1
12,best_all,6,Fast,{'Fast': 6},5.448366309302592,73.16659890360566,0.0744652121452388,1,0,1
12,primary_only,6,Fast,{'Fast': 6},4.911425974230183,73.16659890360566,0.0671266130697261,1,0,1
12,random_residual,6,Fast,{'Fast': 6},5.194462332346488,73.16659890360566,0.07099499512325294,1,0,1
13,proposed,6,Balanced,{'Balanced': 6},5.777808525210494,76.24373576893493,0.07578076371704531,1,0,1
13,best_all,6,Balanced,{'Balanced': 6},5.384519696763277,76.24373576893493,0.07062245366729747,1,0,1
13,primary_only,6,Balanced,{'Balanced': 6},5.118790129244928,76.24373576893493,0.06713718940475304,1,0,1
13,random_residual,6,Balanced,{'Balanced': 6},4.701346925296206,76.24373576893493,0.06166207463317587,1,0,1
14,proposed,32,Fast,"{'Fast': 10, 'Accurate': 4, 'Balanced': 6}",7.722497918644623,80.2376314589503,0.09624533748351564,3,0,1
14,best_all,32,Fast,{'Fast': 32},5.885700696290324,120.36042066864097,0.0489006324802901,1,0,1
14,primary_only,32,Fast,{'Fast': 10},6.047749491471197,80.2376314589503,0.07537298124964263,1,0,1
14,random_residual,32,Fast,"{'Fast': 10, 'Accurate': 4, 'Balanced': 6}",8.183208297738835,80.2376314589503,0.10198716174623595,3,0,1
15,proposed,24,Balanced,"{'Balanced': 10, 'Accurate': 5, 'Fast': 9}",8.95744149004699,90.46839159314183,0.0990118353195751,3,0,1
15,best_all,24,Balanced,{'Balanced': 24},7.41103538450684,130.04413982354043,0.05698861474698534,1,0,1
15,primary_only,24,Balanced,{'Balanced': 10},5.998091790202922,90.46839159314183,0.06630041370888727,1,0,1
15,random_residual,24,Balanced,"{'Balanced': 10, 'Accurate': 5, 'Fast': 9}",8.489137907958781,90.46839159314183,0.09383540216053007,3,0,1
16,proposed,16,Balanced,"{'Balanced': 10, 'Accurate': 6}",8.391260798490467,90.37976189712475,0.09284446675176977,2,0,1
16,best_all,16,Balanced,{'Balanced': 16},7.160897913385394,107.2876190353996,0.06674486746716461,1,0,1
16,primary_only,16,Balanced,{'Balanced': 10},6.956538488030557,90.37976189712475,0.07697009089212777,1,0,1
16,random_residual,16,Balanced,"{'Balanced': 10, 'Accurate': 6}",8.155115812339465,90.37976189712475,0.09023165851689308,2,0,1
17,proposed,12,Balanced,"{'Balanced': 10, 'Accurate': 2}",7.460770024128111,90.05748776492561,0.08284452752671424,2,0,1
17,best_all,12,Balanced,{'Balanced': 12},7.040505998878336,95.62898531791073,0.07362313816749964,1,0,1
17,primary_only,12,Balanced,{'Balanced': 10},6.2076420367497835,90.05748776492561,0.0689297713140012,1,0,1
17,random_residual,12,Balanced,"{'Balanced': 10, 'Accurate': 2}",7.709318418296308,90.05748776492561,0.08560441346553785,2,0,1
18,proposed,8,Balanced,{'Balanced': 8},5.769457265365177,83.32614537357729,0.06923945946976051,1,0,1
18,best_all,8,Balanced,{'Balanced': 8},5.63944933449999,83.32614537357729,0.06767922972095454,1,0,1
18,primary_only,8,Balanced,{'Balanced': 8},5.518525094340315,83.32614537357729,0.06622801366364701,1,0,1
18,random_residual,8,Balanced,{'Balanced': 8},6.0389355381321055,83.32614537357729,0.07247347769487789,1,0,1
19,proposed,16,Balanced,"{'Balanced': 10, 'Accurate': 6}",7.823142100276452,89.84424936610597,0.08707448896810259,2,0,1
19,best_all,16,Balanced,{'Balanced': 16},7.214525443122039,106.43079898576957,0.0677860686180385,1,0,1
19,primary_only,16,Balanced,{'Balanced': 10},6.7768397482711284,89.84424936610597,0.07542875360509954,1,0,1
19,random_residual,16,Balanced,"{'Balanced': 10, 'Accurate': 6}",7.982902691124887,89.84424936610597,0.08885268392187673,2,0,1
20,proposed,8,Balanced,{'Balanced': 8},5.533307829112862,87.13093445108763,0.06350566379176244,1,0,1
20,best_all,8,Balanced,{'Balanced': 8},6.205864521268028,87.13093445108763,0.07122458355765474,1,0,1
20,primary_only,8,Balanced,{'Balanced': 8},5.534970438553193,87.13093445108763,0.06352474552720813,1,0,1
20,random_residual,8,Balanced,{'Balanced': 8},5.873636565917184,87.13093445108763,0.06741160992843989,1,0,1
21,proposed,16,Balanced,"{'Balanced': 10, 'Accurate': 6}",7.84558493246418,90.44370672423857,0.08674550409997286,2,0,1
21,best_all,16,Balanced,{'Balanced': 16},8.027555487452217,107.38993075878172,0.07475147279388454,1,0,1
21,primary_only,16,Balanced,{'Balanced': 10},6.290762520881978,90.44370672423857,0.06955445269467354,1,0,1
21,random_residual,16,Balanced,"{'Balanced': 10, 'Accurate': 6}",8.126065749248895,90.44370672423857,0.08984666864688708,2,0,1
22,proposed,16,Balanced,"{'Balanced': 10, 'Accurate': 6}",7.907506486915835,89.9869600867802,0.0878739150571385,2,0,1
22,best_all,16,Balanced,{'Balanced': 16},6.567463389423857,106.65913613884834,0.06157431634243095,1,0,1
22,primary_only,16,Balanced,{'Balanced': 10},6.540182287259098,89.9869600867802,0.07267922242235965,1,0,1
22,random_residual,16,Balanced,"{'Balanced': 10, 'Fast': 6}",6.972396422213108,89.9869600867802,0.07748229760722196,2,0,1
23,proposed,16,Balanced,"{'Balanced': 10, 'Accurate': 6}",8.650559400067442,90.37984720440761,0.09571336606160553,2,0,1
23,best_all,16,Balanced,{'Balanced': 16},7.009909631787931,107.28775552705218,0.06533746183198333,1,0,1
23,primary_only,16,Balanced,{'Balanced': 10},6.939527933195109,90.37984720440761,0.07678180642970465,1,0,1
23,random_residual,16,Balanced,"{'Balanced': 10, 'Accurate': 6}",7.596656811839064,90.37984720440761,0.08405255205464203,2,0,1
24,proposed,24,Balanced,"{'Balanced': 10, 'Accurate': 6, 'Fast': 8}",8.19335912103153,93.99963700742035,0.08716373149807743,3,0,1
24,best_all,24,Balanced,{'Balanced': 24},8.169549267129476,138.51912881780882,0.05897776961819263,1,0,1
24,primary_only,24,Balanced,{'Balanced': 10},6.929161624935838,93.99963700742035,0.07371477003032308,1,0,1
24,random_residual,24,Balanced,"{'Balanced': 10, 'Fast': 10, 'Accurate': 4}",7.994359020764139,93.99963700742035,0.08504670097963318,3,0,1
25,proposed,8,Balanced,{'Balanced': 8},5.629284002561835,87.14990784587874,0.06459311480302432,1,0,1
25,best_all,8,Balanced,{'Balanced': 8},5.8709512588676365,87.14990784587874,0.0673661212499523,1,0,1
25,primary_only,8,Balanced,{'Balanced': 8},6.097012146647388,87.14990784587874,0.0699600527108958,1,0,1
25,random_residual,8,Balanced,{'Balanced': 8},6.051487757324898,87.14990784587874,0.06943768395058686,1,0,1
26,proposed,16,Fast,"{'Fast': 10, 'Accurate': 4, 'Balanced': 2}",7.047443946576058,83.13222042067171,0.08477391691108536,3,0,1
26,best_all,16,Balanced,{'Balanced': 16},6.548759304857331,112.80995971368773,0.05805125116149422,1,0,1
26,primary_only,16,Fast,{'Fast': 10},5.357794821630322,83.13222042067171,0.06444907635713829,1,0,1
26,random_residual,16,Fast,"{'Fast': 10, 'Accurate': 4, 'Balanced': 2}",6.867064343084598,83.13222042067171,0.08260412519159695,3,0,1
27,proposed,24,Balanced,"{'Balanced': 10, 'Accurate': 7, 'Fast': 7}",8.929029333990432,93.75618311401931,0.09523669839600456,3,0,1
27,best_all,24,Accurate,{'Accurate': 24},8.471960039023811,156.2813245172897,0.054209676461287874,1,0,1
27,primary_only,24,Balanced,{'Balanced': 10},6.296689362395324,93.75618311401931,0.06716025709726,1,0,1
27,random_residual,24,Balanced,"{'Balanced': 10, 'Fast': 10, 'Accurate': 4}",8.404337052866502,93.75618311401931,0.08964034982786971,3,0,1
28,proposed,12,Balanced,"{'Balanced': 10, 'Accurate': 2}",7.6211582440847065,94.36368253439989,0.08076367983314392,2,0,1
28,best_all,12,Balanced,{'Balanced': 12},6.394739571653466,100.79641904127985,0.06344213050896763,1,0,1
28,primary_only,12,Balanced,{'Balanced': 10},6.454021383824893,94.36368253439989,0.0683951835121749,1,0,1
28,random_residual,12,Balanced,"{'Balanced': 10, 'Accurate': 2}",7.281598201116103,94.36368253439989,0.07716526109991126,2,0,1
29,proposed,8,Balanced,{'Balanced': 8},5.966675620045061,83.40387850045774,0.07153954620962039,1,0,1
29,best_all,8,Balanced,{'Balanced': 8},5.468591715500915,83.40387850045774,0.06556759486276052,1,0,1
29,primary_only,8,Balanced,{'Balanced': 8},5.794143506324908,83.40387850045774,0.069470912030705,1,0,1
29,random_residual,8,Balanced,{'Balanced': 8},6.32968612730485,83.40387850045774,0.07589198777212874,1,0,1
30,proposed,24,Balanced,"{'Balanced': 10, 'Accurate': 6, 'Fast': 8}",9.022134953709465,88.77453150527762,0.10162976701457559,3,0,1
30,best_all,24,Balanced,{'Balanced': 24},8.489367548186747,125.97887561266629,0.06738723065197132,1,0,1
30,primary_only,24,Balanced,{'Balanced': 10},6.307566585053147,88.77453150527762,0.07105153334071004,1,0,1
30,random_residual,24,Balanced,"{'Balanced': 10, 'Accurate': 6, 'Fast': 8}",8.571009874680282,88.77453150527762,0.09654807217057224,3,0,1
31,proposed,32,Balanced,"{'Balanced': 10, 'Accurate': 6, 'Fast': 10}",8.934553245871028,91.8888046872018,0.09723222841221076,3,0,1
31,best_all,32,Balanced,{'Balanced': 32},7.802880641087884,157.20417499904573,0.04963532705880903,1,0,1
31,primary_only,32,Balanced,{'Balanced': 10},6.035184929540283,91.8888046872018,0.06567921903092139,1,0,1
31,random_residual,32,Balanced,"{'Balanced': 10, 'Fast': 10, 'Accurate': 6}",8.816058574950064,91.8888046872018,0.09594268425800906,3,0,1
32,proposed,12,Balanced,"{'Balanced': 10, 'Accurate': 2}",7.178225058623216,93.82502917577003,0.07650650494523871,2,0,1
32,best_all,12,Balanced,{'Balanced': 12},7.073576057211081,100.15003501092404,0.07062979115723243,1,0,1
32,primary_only,12,Balanced,{'Balanced': 10},6.4335170645751845,93.82502917577003,0.06856930523861342,1,0,1
32,random_residual,12,Balanced,"{'Balanced': 10, 'Fast': 2}",7.231981518051972,93.82502917577003,0.07707944864588015,2,0,1
33,proposed,16,Balanced,"{'Balanced': 10, 'Accurate': 6}",7.76791747925749,91.0478806223037,0.08531684017425234,2,0,1
33,best_all,16,Balanced,{'Balanced': 16},8.000100351357203,108.35660899568592,0.07383121736188437,1,0,1
33,primary_only,16,Balanced,{'Balanced': 10},6.444830702612267,91.0478806223037,0.0707850710918525,1,0,1
33,random_residual,16,Balanced,"{'Balanced': 10, 'Accurate': 6}",7.676747107870419,91.0478806223037,0.08431549482975963,2,0,1
34,proposed,8,Balanced,{'Balanced': 8},5.618520077537358,88.88846268900818,0.06320865394190393,1,0,1
34,best_all,8,Balanced,{'Balanced': 8},5.018761758561647,88.88846268900818,0.05646134050175513,1,0,1
34,primary_only,8,Balanced,{'Balanced': 8},5.971950180004136,88.88846268900818,0.06718476165909233,1,0,1
34,random_residual,8,Balanced,{'Balanced': 8},5.899219072132609,88.88846268900818,0.0663665327723358,1,0,1
35,proposed,12,Balanced,"{'Balanced': 10, 'Accurate': 2}",7.279557243998961,91.69680409889968,0.07938725144823573,2,0,1
35,best_all,12,Balanced,{'Balanced': 12},7.203483129656164,97.5961649186796,0.07380907985122517,1,0,1
35,primary_only,12,Balanced,{'Balanced': 10},6.101494361281936,91.69680409889968,0.06653988021982929,1,0,1
35,random_residual,12,Balanced,"{'Balanced': 10, 'Fast': 2}",7.44125406316397,91.69680409889968,0.08115063699644535,2,0,1
36,proposed,24,Balanced,"{'Balanced': 12, 'Accurate': 6, 'Fast': 6}",9.585733565610393,91.67531018560703,0.10456177946060932,3,0,1
36,best_all,24,Balanced,{'Balanced': 24},7.097576096778925,121.15062037121406,0.058584727631038544,1,0,1
36,primary_only,24,Balanced,{'Balanced': 12},6.649137042777283,91.67531018560703,0.07252920147546109,1,0,1
36,random_residual,24,Balanced,"{'Balanced': 12, 'Accurate': 6, 'Fast': 6}",9.651227406688278,91.67531018560703,0.10527619036301351,3,0,1
37,proposed,12,Fast,"{'Fast': 10, 'Accurate': 2}",5.871119866682761,82.69480760309162,0.07099744272774951,2,0,1
37,best_all,12,Balanced,{'Balanced': 12},6.93731965589871,100.37951454143311,0.06911091060352986,1,0,1
37,primary_only,12,Fast,{'Fast': 10},6.077460486795237,82.69480760309162,0.07349264921160571,1,0,1
37,random_residual,12,Fast,"{'Fast': 10, 'Accurate': 2}",6.433612888608718,82.69480760309162,0.0777994782875363,2,0,1
38,proposed,6,Balanced,{'Balanced': 6},5.276560109749571,77.9351840073095,0.06770446720514171,1,0,1
38,best_all,6,Balanced,{'Balanced': 6},5.019245952919549,77.9351840073095,0.06440282417821451,1,0,1
38,primary_only,6,Balanced,{'Balanced': 6},5.648184766444058,77.9351840073095,0.07247284828267446,1,0,1
38,random_residual,6,Balanced,{'Balanced': 6},5.2620378882908385,77.9351840073095,0.06751813003735661,1,0,1
39,proposed,6,Balanced,{'Balanced': 6},5.617590816753954,80.85127409532105,0.06948054782823825,1,0,1
39,best_all,6,Balanced,{'Balanced': 6},4.995068015068368,80.85127409532105,0.0617809437261229,1,0,1
39,primary_only,6,Balanced,{'Balanced': 6},5.138093770586274,80.85127409532105,0.06354994189118934,1,0,1
39,random_residual,6,Balanced,{'Balanced': 6},4.744686249368835,80.85127409532105,0.05868412467780041,1,0,1
40,proposed,16,Balanced,"{'Balanced': 10, 'Accurate': 6}",7.867575326554258,93.27368989549024,0.08434935227039467,2,0,1
40,best_all,16,Balanced,{'Balanced': 16},7.2461403368893915,111.91790383278439,0.06474513986355382,1,0,1
40,primary_only,16,Balanced,{'Balanced': 10},5.9909900068264506,93.27368989549024,0.06423022412364232,1,0,1
40,random_residual,16,Balanced,"{'Balanced': 10, 'Fast': 6}",7.218730158624077,93.27368989549024,0.07739299438793942,2,0,1
41,proposed,12,Balanced,{'Balanced': 12},7.2203699456221395,95.51833815654905,0.07559145275107665,1,0,1
41,best_all,12,Balanced,{'Balanced': 12},7.221897017225009,95.51833815654905,0.07560743995973565,1,0,1
41,primary_only,12,Balanced,{'Balanced': 12},7.043472239605787,95.51833815654905,0.07373947637219087,1,0,1
41,random_residual,12,Balanced,{'Balanced': 12},6.8216101746069295,95.51833815654905,0.07141675940201873,1,0,1
42,proposed,24,Fast,"{'Fast': 10, 'Accurate': 4, 'Balanced': 5}",8.331194471799959,80.94782583009064,0.1029205464923434,3,0,1
42,best_all,24,Fast,{'Fast': 24},6.392567261644457,107.47478199221752,0.05947969507960813,1,0,1
42,primary_only,24,Fast,{'Fast': 10},5.5484431452570036,80.94782583009064,0.06854344867647437,1,0,1
42,random_residual,24,Fast,"{'Fast': 10, 'Accurate': 4, 'Balanced': 5}",7.821635281646838,80.94782583009064,0.09662563758122965,3,0,1
43,proposed,32,Balanced,"{'Balanced': 12, 'Accurate': 8, 'Fast': 10}",9.477914966722462,94.252681643942,0.10055857086939071,3,0,1
43,best_all,32,Balanced,{'Balanced': 32},7.677529042586298,147.67381771717862,0.05198977829157311,1,0,1
43,primary_only,32,Balanced,{'Balanced': 12},7.095599661671991,94.252681643942,0.07528273506823935,1,0,1
43,random_residual,32,Balanced,"{'Balanced': 12, 'Accurate': 8, 'Fast': 10}",9.870467925803085,94.252681643942,0.1047234705012502,3,0,1
44,proposed,12,Fast,"{'Fast': 10, 'Accurate': 2}",6.223772113270326,80.16478566024193,0.07763723263289447,2,0,1
44,best_all,12,Fast,{'Fast': 12},5.717069566348886,83.79774279229032,0.06822462486274603,1,0,1
44,primary_only,12,Fast,{'Fast': 10},5.99770819631907,80.16478566024193,0.07481724234552103,1,0,1
44,random_residual,12,Fast,"{'Fast': 10, 'Balanced': 2}",6.0172468060177815,80.16478566024193,0.07506097292544825,2,0,1
45,proposed,24,Balanced,"{'Balanced': 10, 'Accurate': 7, 'Fast': 7}",8.815133357643317,94.4780878521972,0.09330346917513646,3,0,1
45,best_all,24,Balanced,{'Balanced': 24},7.889125058517537,139.66741084527328,0.056485081314046046,1,0,1
45,primary_only,24,Balanced,{'Balanced': 10},6.143095941588991,94.4780878521972,0.06502138306608547,1,0,1
45,random_residual,24,Balanced,"{'Balanced': 10, 'Fast': 10, 'Accurate': 4}",8.750602194283326,94.4780878521972,0.09262044134480035,3,0,1
46,proposed,24,Fast,"{'Fast': 10, 'Accurate': 4, 'Balanced': 6}",7.592188873085755,84.19674209194488,0.09017200291188109,3,0,1
46,best_all,24,Fast,{'Fast': 24},6.749898066666802,115.27218102066774,0.05855617553949619,1,0,1
46,primary_only,24,Fast,{'Fast': 10},6.051736642411556,84.19674209194488,0.07187613786532158,1,0,1
46,random_residual,24,Fast,"{'Fast': 10, 'Balanced': 6, 'Accurate': 4}",7.93156920370297,84.19674209194488,0.09420280413037245,3,0,1
47,proposed,16,Fast,"{'Fast': 10, 'Accurate': 4, 'Balanced': 2}",7.03484323915691,80.20595893270946,0.08770973295212323,3,0,1
47,best_all,16,Fast,{'Fast': 16},6.127648010287789,91.12953429233514,0.06724107675817655,1,0,1
47,primary_only,16,Fast,{'Fast': 10},5.441568568652355,80.20595893270946,0.0678449412121321,1,0,1
47,random_residual,16,Fast,"{'Fast': 10, 'Balanced': 5, 'Accurate': 1}",7.323439627021795,80.20595893270946,0.09130792430480077,3,0,1
48,proposed,12,Balanced,"{'Balanced': 10, 'Accurate': 2}",6.948391179406897,91.62035970956653,0.0758389423642634,2,0,1
48,best_all,12,Balanced,{'Balanced': 12},6.226739687297883,97.50443165147985,0.0638610941249805,1,0,1
48,primary_only,12,Balanced,{'Balanced': 10},5.879904504873371,91.62035970956653,0.06417683278599288,1,0,1
48,random_residual,12,Balanced,"{'Balanced': 10, 'Accurate': 2}",7.140562653614573,91.62035970956653,0.07793641802160478,2,0,1
49,proposed,24,Fast,"{'Fast': 10, 'Accurate': 4, 'Balanced': 6}",7.773659860641397,82.74980197535963,0.09394173369691151,3,0,1
49,best_all,24,Balanced,{'Balanced': 24},7.3881203455061595,136.36592432313626,0.05417864017112572,1,0,1
49,primary_only,24,Fast,{'Fast': 10},5.602513577461305,82.74980197535963,0.06770425358999121,1,0,1
49,random_residual,24,Fast,"{'Fast': 10, 'Accurate': 4, 'Balanced': 6}",8.05779067767138,82.74980197535963,0.09737534695334671,3,0,1
50,proposed,16,Fast,"{'Fast': 10, 'Accurate': 3, 'Balanced': 3}",8.25229908891537,80.4313333616623,0.10260055060642373,3,0,1
50,best_all,16,Balanced,{'Balanced': 16},7.090434104553503,110.46545586958453,0.06418689036077004,1,0,1
50,primary_only,16,Fast,{'Fast': 10},6.014886300252789,80.4313333616623,0.07478287439556226,1,0,1
50,random_residual,16,Fast,"{'Fast': 10, 'Accurate': 3, 'Balanced': 3}",7.909836125629233,80.4313333616623,0.0983427203682224,3,0,1
51,proposed,12,Balanced,{'Balanced': 12},7.057795986523438,91.65136562034887,0.07700699208082976,1,0,1
51,best_all,12,Balanced,{'Balanced': 12},7.349748619993037,91.65136562034887,0.08019246162068328,1,0,1
51,primary_only,12,Balanced,{'Balanced': 12},6.332247036769119,91.65136562034887,0.06909059121933261,1,0,1
51,random_residual,12,Balanced,{'Balanced': 12},6.40312674473699,91.65136562034887,0.06986395348718445,1,0,1
52,proposed,16,Fast,"{'Fast': 10, 'Accurate': 5, 'Balanced': 1}",7.582379897750187,79.99765283996902,0.09478252959394105,3,0,1
52,best_all,16,Fast,{'Fast': 16},6.018060914949769,90.79624454395044,0.06628094526571186,1,0,1
52,primary_only,16,Fast,{'Fast': 10},5.1689513939810645,79.99765283996902,0.06461378816102607,1,0,1
52,random_residual,16,Fast,"{'Fast': 10, 'Balanced': 5, 'Accurate': 1}",7.880638348537094,79.99765283996902,0.09851086961641092,3,0,1
53,proposed,6,Fast,{'Fast': 6},4.641021046191729,73.01237328161038,0.06356485671669931,1,0,1
53,best_all,6,Fast,{'Fast': 6},4.743709409961726,73.01237328161038,0.06497130824203086,1,0,1
53,primary_only,6,Fast,{'Fast': 6},5.051661041118938,73.01237328161038,0.06918910883275313,1,0,1
53,random_residual,6,Fast,{'Fast': 6},4.752665203072642,73.01237328161038,0.06509396954871614,1,0,1
54,proposed,8,Balanced,{'Balanced': 8},6.1625979643005016,91.58912070914286,0.06728526179294701,1,0,1
54,best_all,8,Balanced,{'Balanced': 8},5.46709491374651,91.58912070914286,0.05969153182623314,1,0,1
54,primary_only,8,Balanced,{'Balanced': 8},5.474020875765161,91.58912070914286,0.05976715174664537,1,0,1
54,random_residual,8,Balanced,{'Balanced': 8},6.648779114281756,91.58912070914286,0.07259354673134277,1,0,1
55,proposed,24,Balanced,"{'Balanced': 12, 'Accurate': 7, 'Fast': 5}",9.399751078958353,96.70859299454203,0.09719664807333976,3,0,1
55,best_all,24,Balanced,{'Balanced': 24},8.18396633352689,131.21718598908404,0.06236962233138968,1,0,1
55,primary_only,24,Balanced,{'Balanced': 12},6.4754678256137925,96.70859299454203,0.06695855688831344,1,0,1
55,random_residual,24,Balanced,"{'Balanced': 12, 'Fast': 10, 'Accurate': 2}",8.574545011433008,96.70859299454203,0.08866373448238392,3,0,1
56,proposed,24,Balanced,"{'Balanced': 12, 'Accurate': 9, 'Fast': 3}",8.643969176989957,95.89894302808543,0.09013622991088069,3,0,1
56,best_all,24,Balanced,{'Balanced': 24},7.548090879168962,129.59788605617084,0.05824239197773209,1,0,1
56,primary_only,24,Balanced,{'Balanced': 12},6.94169679011794,95.89894302808543,0.07238554014182369,1,0,1
56,random_residual,24,Balanced,"{'Balanced': 12, 'Accurate': 9, 'Fast': 3}",9.44290789640703,95.89894302808543,0.09846727813925472,3,0,1
57,proposed,24,Balanced,"{'Balanced': 10, 'Accurate': 8, 'Fast': 6}",9.293990375215813,97.12240358606805,0.09569357874241295,3,0,1
57,best_all,24,Accurate,{'Accurate': 24},9.03643847896788,157.88581740729657,0.05723401016860599,1,0,1
57,primary_only,24,Balanced,{'Balanced': 10},5.960333481762682,97.12240358606805,0.06136929546312912,1,0,1
57,random_residual,24,Balanced,"{'Balanced': 10, 'Fast': 10, 'Accurate': 4}",8.339652039895858,97.12240358606805,0.08586743873678349,3,0,1
58,proposed,8,Balanced,{'Balanced': 8},5.522396233491811,83.23954397788796,0.0663434224838954,1,0,1
58,best_all,8,Balanced,{'Balanced': 8},6.08462989353524,83.23954397788796,0.07309782830083238,1,0,1
58,primary_only,8,Balanced,{'Balanced': 8},5.852232411833273,83.23954397788796,0.07030591630088555,1,0,1
58,random_residual,8,Balanced,{'Balanced': 8},5.918650918098258,83.23954397788796,0.07110383641302155,1,0,1
59,proposed,32,Fast,"{'Fast': 10, 'Accurate': 6, 'Balanced': 6}",8.511160434397999,87.01066121150225,0.097817443470627,3,0,1
59,best_all,32,Accurate,{'Accurate': 32},8.964347157772352,192.9216641968344,0.04646625455514521,1,0,1
59,primary_only,32,Fast,{'Fast': 10},5.869035599537864,87.01066121150225,0.06745191356805842,1,0,1
59,random_residual,32,Fast,"{'Fast': 10, 'Accurate': 6, 'Balanced': 6}",8.326800519331753,87.01066121150225,0.09569862363292791,3,0,1
60,proposed,6,Balanced,{'Balanced': 6},5.566899258894501,79.13582740385434,0.07034613071630516,1,0,1
60,best_all,6,Balanced,{'Balanced': 6},5.107171113355165,79.13582740385434,0.06453677532543772,1,0,1
60,primary_only,6,Balanced,{'Balanced': 6},5.437127755361593,79.13582740385434,0.06870627292002984,1,0,1
60,random_residual,6,Balanced,{'Balanced': 6},5.013273962392562,79.13582740385434,0.06335024383846133,1,0,1
61,proposed,8,Balanced,{'Balanced': 8},5.553835408249432,85.07246078845756,0.06528358715354057,1,0,1
61,best_all,8,Balanced,{'Balanced': 8},5.615598819445571,85.07246078845756,0.06600959661210933,1,0,1
61,primary_only,8,Balanced,{'Balanced': 8},6.087958886202493,85.07246078845756,0.07156204052144326,1,0,1
61,random_residual,8,Balanced,{'Balanced': 8},6.032724215664507,85.07246078845756,0.07091277435438911,1,0,1
62,proposed,32,Balanced,"{'Balanced': 12, 'Accurate': 8, 'Fast': 10}",9.980577314732898,95.75645720046572,0.10422876541723555,3,0,1
62,best_all,32,Balanced,{'Balanced': 32},7.883022667831258,151.68388586790857,0.0519700733055854,1,0,1
62,primary_only,32,Balanced,{'Balanced': 12},6.856757150321121,95.75645720046572,0.07160621174576802,1,0,1
62,random_residual,32,Balanced,"{'Balanced': 12, 'Accurate': 8, 'Fast': 10}",9.330649062214436,95.75645720046572,0.09744146071194722,3,0,1
63,proposed,16,Balanced,"{'Balanced': 12, 'Accurate': 4}",7.795495258740985,96.94883659122056,0.08040834251173393,2,0,1
63,best_all,16,Balanced,{'Balanced': 16},7.51815411216261,108.5317821216274,0.06927145178301139,1,0,1
63,primary_only,16,Balanced,{'Balanced': 12},7.091104933085827,96.94883659122056,0.07314275428580005,1,0,1
63,random_residual,16,Balanced,"{'Balanced': 12, 'Fast': 4}",7.20921836628199,96.94883659122056,0.07436106115104056,2,0,1
64,proposed,16,Balanced,"{'Balanced': 12, 'Accurate': 4}",8.187263100798447,95.28873894443495,0.085920573527294,2,0,1
64,best_all,16,Balanced,{'Balanced': 16},7.437740204569968,106.31831859257994,0.06995727832258114,1,0,1
64,primary_only,16,Balanced,{'Balanced': 12},6.555657985722147,95.28873894443495,0.06879782499320199,1,0,1
64,random_residual,16,Balanced,"{'Balanced': 12, 'Accurate': 4}",8.07735161759993,95.28873894443495,0.08476711631486716,2,0,1
65,proposed,32,Balanced,"{'Balanced': 12, 'Accurate': 7, 'Fast': 10}",9.653643677929429,96.6193746341735,0.09991416022387514,3,0,1
65,best_all,32,Balanced,{'Balanced': 32},8.457476944779708,153.98499902446264,0.05492403155086634,1,0,1
65,primary_only,32,Balanced,{'Balanced': 12},6.589302781066501,96.6193746341735,0.06819856582611246,1,0,1
65,random_residual,32,Balanced,"{'Balanced': 12, 'Accurate': 7, 'Fast': 10}",9.934482534112064,96.6193746341735,0.10282081178569663,3,0,1
66,proposed,12,Balanced,{'Balanced': 12},6.412710985761417,95.06859970376924,0.06745351257663648,1,0,1
66,best_all,12,Balanced,{'Balanced': 12},7.151968761836239,95.06859970376924,0.07522955827814387,1,0,1
66,primary_only,12,Balanced,{'Balanced': 12},6.507928441368776,95.06859970376924,0.06845507835023631,1,0,1
66,random_residual,12,Balanced,{'Balanced': 12},6.593146925504708,95.06859970376924,0.06935146774064987,1,0,1
67,proposed,24,Fast,"{'Fast': 10, 'Accurate': 4, 'Balanced': 5}",8.048438341735629,81.24052658201404,0.09906925373767192,3,0,1
67,best_all,24,Fast,{'Fast': 24},6.245627872293125,108.17726379683367,0.05773512522948406,1,0,1
67,primary_only,24,Fast,{'Fast': 10},5.726994881762224,81.24052658201404,0.07049431020096479,1,0,1
67,random_residual,24,Fast,"{'Fast': 10, 'Balanced': 5, 'Accurate': 4}",7.853711865283191,81.24052658201404,0.09667234071106989,3,0,1
68,proposed,12,Balanced,"{'Balanced': 10, 'Accurate': 2}",7.474709174661145,97.36664948684626,0.07676868018007481,2,0,1
68,best_all,12,Balanced,{'Balanced': 12},6.873979556472781,104.39997938421551,0.06584272906007944,1,0,1
68,primary_only,12,Balanced,{'Balanced': 10},5.793918417370562,97.36664948684626,0.059506190753264965,1,0,1
68,random_residual,12,Balanced,"{'Balanced': 10, 'Fast': 2}",6.921118134780652,97.36664948684626,0.07108304713428247,2,0,1
69,proposed,16,Balanced,"{'Balanced': 12, 'Accurate': 4}",7.236355998238453,90.16456176875482,0.0802572081124017,2,0,1
69,best_all,16,Balanced,{'Balanced': 16},7.286717991337419,99.48608235833977,0.07324359165226073,1,0,1
69,primary_only,16,Balanced,{'Balanced': 12},6.920382066810179,90.16456176875482,0.07675279434683986,1,0,1
69,random_residual,16,Balanced,"{'Balanced': 12, 'Fast': 4}",8.021567336436528,90.16456176875482,0.08896585508849311,2,0,1
70,proposed,8,Fast,{'Fast': 8},5.205722864344344,80.80013087742645,0.06442715881539114,1,0,1
70,best_all,8,Fast,{'Fast': 8},4.810049272149028,80.80013087742645,0.05953021634885539,1,0,1
70,primary_only,8,Fast,{'Fast': 8},4.668502901070264,80.80013087742645,0.05777840766313075,1,0,1
70,random_residual,8,Fast,{'Fast': 8},5.569728266816957,80.80013087742645,0.06893216887564474,1,0,1
71,proposed,16,Fast,"{'Fast': 10, 'Accurate': 5, 'Balanced': 1}",7.280363310942497,83.35180765373119,0.08734499605800207,3,0,1
71,best_all,16,Accurate,{'Accurate': 16},7.849399537142359,122.44665467232058,0.06410464669817344,1,0,1
71,primary_only,16,Fast,{'Fast': 10},5.222677129187697,83.35180765373119,0.06265823473060464,1,0,1
71,random_residual,16,Fast,"{'Fast': 10, 'Balanced': 6}",6.995427443604917,83.35180765373119,0.08392652349743937,2,0,1
72,proposed,6,Fast,{'Fast': 6},4.693590818669636,74.36058553975126,0.06311933646838436,1,0,1
72,best_all,6,Fast,{'Fast': 6},5.188944192184868,74.36058553975126,0.06978084094578561,1,0,1
72,primary_only,6,Fast,{'Fast': 6},4.729739440280208,74.36058553975126,0.06360546257064922,1,0,1
72,random_residual,6,Fast,{'Fast': 6},4.951720393729313,74.36058553975126,0.06659065898670541,1,0,1
73,proposed,12,Fast,"{'Fast': 10, 'Accurate': 2}",6.007556297688133,79.31245651858217,0.07574543219803838,2,0,1
73,best_all,12,Balanced,{'Balanced': 12},6.225030838219647,96.63984345577981,0.06441474463964833,1,0,1
73,primary_only,12,Fast,{'Fast': 10},6.1509733849353125,79.31245651858217,0.07755368645647985,1,0,1
73,random_residual,12,Fast,"{'Fast': 10, 'Balanced': 2}",6.4781284446243115,79.31245651858217,0.08167857520724436,2,0,1
74,proposed,8,Balanced,{'Balanced': 8},6.431702497184071,85.45348862533169,0.07526553451063515,1,0,1
74,best_all,8,Balanced,{'Balanced': 8},5.667785148571028,85.45348862533169,0.06632596561880891,1,0,1
74,primary_only,8,Balanced,{'Balanced': 8},6.223331449942507,85.45348862533169,0.07282711975901325,1,0,1
74,random_residual,8,Balanced,{'Balanced': 8},5.485829771252976,85.45348862533169,0.06419667423182025,1,0,1
75,proposed,24,Balanced,"{'Balanced': 12, 'Accurate': 6, 'Fast': 6}",8.799466708980809,93.4469121223415,0.09416540909838167,3,0,1
75,best_all,24,Balanced,{'Balanced': 24},7.793048809764724,124.69382424468299,0.06249747216407973,1,0,1
75,primary_only,24,Balanced,{'Balanced': 12},7.0058233636642155,93.4469121223415,0.07497115960869988,1,0,1
75,random_residual,24,Balanced,"{'Balanced': 12, 'Accurate': 6, 'Fast': 6}",9.346006215109574,93.4469121223415,0.10001407219185265,3,0,1
76,proposed,12,Balanced,{'Balanced': 12},7.012673264252729,99.3403084562892,0.07059242490009361,1,0,1
76,best_all,12,Balanced,{'Balanced': 12},7.621636653553237,99.3403084562892,0.07672249836939896,1,0,1
76,primary_only,12,Balanced,{'Balanced': 12},6.938169592420438,99.3403084562892,0.06984244059875562,1,0,1
76,random_residual,12,Balanced,{'Balanced': 12},6.739795806422289,99.3403084562892,0.06784552928369325,1,0,1
77,proposed,32,Balanced,"{'Balanced': 12, 'Accurate': 9, 'Fast': 10}",9.039991896253193,98.44098326348447,0.09183158880135314,3,0,1
77,best_all,32,Fast,{'Fast': 32},6.001994089691516,127.65446451805789,0.047017502383102934,1,0,1
77,primary_only,32,Balanced,{'Balanced': 12},6.986651522577977,98.44098326348447,0.07097299611359727,1,0,1
77,random_residual,32,Balanced,"{'Balanced': 12, 'Fast': 10, 'Accurate': 9}",9.48195630268952,98.44098326348447,0.0963212270778561,3,0,1
78,proposed,16,Balanced,"{'Balanced': 12, 'Accurate': 4}",8.293760537870886,98.93172748313539,0.08383317211644464,2,0,1
78,best_all,16,Balanced,{'Balanced': 16},7.327659736364976,111.17563664418051,0.06591066134226219,1,0,1
78,primary_only,16,Balanced,{'Balanced': 12},7.178348724988373,98.93172748313539,0.07255861094927353,1,0,1
78,random_residual,16,Balanced,"{'Balanced': 12, 'Accurate': 4}",8.29255454255488,98.93172748313539,0.08382098193896885,2,0,1
79,proposed,12,Balanced,{'Balanced': 12},7.449483394669231,98.52587880504626,0.07560940825922059,1,0,1
79,best_all,12,Balanced,{'Balanced': 12},6.46367329062237,98.52587880504626,0.06560381261264442,1,0,1
79,primary_only,12,Balanced,{'Balanced': 12},6.671233507239096,98.52587880504626,0.06771046945381229,1,0,1
79,random_residual,12,Balanced,{'Balanced': 12},6.540545859891689,98.52587880504626,0.06638403979967036,1,0,1
80,proposed,24,Fast,"{'Fast': 10, 'Diverse': 6, 'Accurate': 4, 'Balanced': 4}",10.137023333956698,80.50611241718903,0.12591619480302121,4,1,1
80,best_all,24,Fast,{'Fast': 24},6.582983014389229,106.41466980125367,0.0618616120003379,1,0,1
80,primary_only,24,Fast,{'Fast': 10},5.939844643857772,80.50611241718903,0.07378128772480068,1,0,1
80,random_residual,24,Fast,"{'Fast': 10, 'Balanced': 5, 'Accurate': 4, 'Diverse': 5}",9.931658625349359,80.50611241718903,0.12336527410344596,4,1,1
81,proposed,16,Fast,"{'Fast': 10, 'Diverse': 6}",7.928744948415766,84.71506928033946,0.09359308816921261,2,1,1
81,best_all,16,Fast,{'Fast': 16},6.8172877069352795,98.34411084854314,0.06932075187943265,1,0,1
81,primary_only,16,Fast,{'Fast': 10},5.593097678594359,84.71506928033946,0.06602246478823805,1,0,1
81,random_residual,16,Fast,"{'Fast': 10, 'Accurate': 4, 'Balanced': 2}",7.4342299586967,84.71506928033946,0.0877556970896797,3,0,1
82,proposed,24,Fast,"{'Fast': 10, 'Diverse': 6, 'Accurate': 5, 'Balanced': 3}",9.87797745643346,82.09481511441257,0.12032401123830878,4,1,1
82,best_all,24,Accurate,{'Accurate': 24},9.22513996650465,150.95102244751254,0.06111346459883927,1,0,1
82,primary_only,24,Fast,{'Fast': 10},6.289746417510753,82.09481511441257,0.0766156353326938,1,0,1
82,random_residual,24,Fast,"{'Fast': 10, 'Accurate': 5, 'Diverse': 6, 'Balanced': 3}",10.122298567803847,82.09481511441257,0.1233000957940738,4,1,1
83,proposed,16,Balanced,"{'Balanced': 12, 'Diverse': 4}",8.791783522957642,93.81623625058138,0.09371281426676462,2,1,1
83,best_all,16,Balanced,{'Balanced': 16},7.569710903739713,104.35498166744185,0.07253808857791615,1,0,1
83,primary_only,16,Balanced,{'Balanced': 12},7.070812228697979,93.81623625058138,0.0753687475781055,1,0,1
83,random_residual,16,Balanced,"{'Balanced': 12, 'Fast': 4}",6.624344805586495,93.81623625058138,0.07060979069649517,2,0,1
84,proposed,32,Fast,"{'Fast': 10, 'Diverse': 6, 'Accurate': 4, 'Balanced': 5}",10.038775492317242,81.26388230287276,0.12353305315764322,4,1,1
84,best_all,32,Fast,{'Fast': 32},6.14942636074842,123.64442336919282,0.049734765169203804,1,0,1
84,primary_only,32,Fast,{'Fast': 10},5.686846010694695,81.26388230287276,0.06997999418117462,1,0,1
84,random_residual,32,Fast,"{'Fast': 10, 'Accurate': 4, 'Balanced': 5, 'Diverse': 6}",10.009924978733636,81.26388230287276,0.12317803057238105,4,1,1
85,proposed,24,Balanced,"{'Balanced': 12, 'Diverse': 6, 'Accurate': 6}",9.43868632440155,94.58361825127471,0.09979197771147165,3,1,1
85,best_all,24,Balanced,{'Balanced': 24},7.6244844437034445,126.96723650254941,0.06005080250408026,1,0,1
85,primary_only,24,Balanced,{'Balanced': 12},7.4296455100881165,94.58361825127471,0.07855108154511721,1,0,1
85,random_residual,24,Balanced,"{'Balanced': 12, 'Accurate': 7, 'Diverse': 5}",10.181682210131981,94.58361825127471,0.10764741715719638,3,1,1
86,proposed,32,Fast,"{'Fast': 10, 'Diverse': 6, 'Accurate': 4, 'Balanced': 5}",10.147608493117033,78.75939049527133,0.12884315672461039,4,1,1
86,best_all,32,Fast,{'Fast': 32},6.563001698272514,115.63004958486825,0.056758617001677496,1,0,1
86,primary_only,32,Fast,{'Fast': 10},5.580632040270704,78.75939049527133,0.07085671949944511,1,0,1
86,random_residual,32,Fast,"{'Fast': 10, 'Accurate': 4, 'Diverse': 6, 'Balanced': 5}",10.392482349372656,78.75939049527133,0.13195229526308505,4,1,1
87,proposed,16,Balanced,"{'Balanced': 12, 'Diverse': 4}",8.110197181718556,96.86284724038,0.08372866803710466,2,1,1
87,best_all,16,Balanced,{'Balanced': 16},7.3090833485855935,108.41712965384001,0.06741631485653997,1,0,1
87,primary_only,16,Balanced,{'Balanced': 12},6.738540459997021,96.86284724038,0.0695678544661639,1,0,1
87,random_residual,16,Balanced,"{'Balanced': 12, 'Diverse': 4}",8.484467966966305,96.86284724038,0.087592593122013,2,1,1
88,proposed,12,Balanced,{'Balanced': 12},6.377606247135708,97.81986959499461,0.06519745194448763,1,0,1
88,best_all,12,Balanced,{'Balanced': 12},6.481015881600099,97.81986959499461,0.06625459539491892,1,0,1
88,primary_only,12,Balanced,{'Balanced': 12},6.843933383192419,97.81986959499461,0.06996465453827,1,0,1
88,random_residual,12,Balanced,{'Balanced': 12},7.315066495308097,97.81986959499461,0.07478098800984707,1,0,1
89,proposed,24,Balanced,"{'Balanced': 12, 'Diverse': 6, 'Accurate': 6}",10.167644296443022,101.35866559624677,0.10031351771090721,3,1,1
89,best_all,24,Balanced,{'Balanced': 24},7.318591321583082,140.51733119249354,0.052083193293483515,1,0,1
89,primary_only,24,Balanced,{'Balanced': 12},6.669655189894492,101.35866559624677,0.06580251575590458,1,0,1
89,random_residual,24,Balanced,"{'Balanced': 12, 'Accurate': 8, 'Diverse': 4}",10.500748880078952,101.35866559624677,0.10359991243282297,3,1,1
90,proposed,6,Fast,{'Fast': 6},5.069900888652384,73.60137685769546,0.06888323432392822,1,0,1
90,best_all,6,Fast,{'Fast': 6},5.365301796518765,73.60137685769546,0.07289675853336691,1,0,1
90,primary_only,6,Fast,{'Fast': 6},4.922378868682958,73.60137685769546,0.06687889654836388,1,0,1
90,random_residual,6,Fast,{'Fast': 6},5.027393587432061,73.60137685769546,0.06830570027449721,1,0,1
91,proposed,40,Balanced,"{'Balanced': 12, 'Diverse': 6, 'Accurate': 7, 'Fast': 10}",10.984574556466825,96.3677491937251,0.11398600308060401,4,1,1
91,best_all,40,Balanced,{'Balanced': 40},7.712469700362197,176.09249731241704,0.043797832491858,1,0,1
91,primary_only,40,Balanced,{'Balanced': 12},6.562633784308943,96.3677491937251,0.06809989689721074,1,0,1
91,random_residual,40,Balanced,"{'Balanced': 12, 'Accurate': 7, 'Diverse': 6, 'Fast': 10}",11.664629211241122,96.3677491937251,0.12104287283697038,4,1,1
92,proposed,32,Balanced,"{'Balanced': 12, 'Diverse': 6, 'Accurate': 7, 'Fast': 7}",11.62047294328847,92.56544106430265,0.12553792008851392,4,1,1
92,best_all,32,Balanced,{'Balanced': 32},7.282539773669905,143.17450950480708,0.050864778925087874,1,0,1
92,primary_only,32,Balanced,{'Balanced': 12},7.415810342177419,92.56544106430265,0.08011424411650414,1,0,1
92,random_residual,32,Balanced,"{'Balanced': 12, 'Fast': 10, 'Diverse': 6, 'Accurate': 4}",11.51652274812922,92.56544106430265,0.12441492867871726,4,1,1
93,proposed,12,Balanced,{'Balanced': 12},6.53960897209144,97.50577806110313,0.06706893788379718,1,0,1
93,best_all,12,Balanced,{'Balanced': 12},6.737446253148406,97.50577806110313,0.06909791796057775,1,0,1
93,primary_only,12,Balanced,{'Balanced': 12},7.2891517814036835,97.50577806110313,0.07475610088292256,1,0,1
93,random_residual,12,Balanced,{'Balanced': 12},6.92017346344653,97.50577806110313,0.07097193213626707,1,0,1
94,proposed,12,Balanced,{'Balanced': 12},6.912097151009709,95.74515968521527,0.0721926536415507,1,0,1
94,best_all,12,Balanced,{'Balanced': 12},6.861393568805138,95.74515968521527,0.07166308554253377,1,0,1
94,primary_only,12,Balanced,{'Balanced': 12},6.495986421276034,95.74515968521527,0.06784662997725542,1,0,1
94,random_residual,12,Balanced,{'Balanced': 12},6.83955587174081,95.74515968521527,0.07143500406942198,1,0,1
95,proposed,12,Balanced,{'Balanced': 12},6.668439334069901,95.24691317965693,0.0700121306975244,1,0,1
95,best_all,12,Balanced,{'Balanced': 12},6.972656164939945,95.24691317965693,0.07320611169611303,1,0,1
95,primary_only,12,Balanced,{'Balanced': 12},6.684766916847872,95.24691317965693,0.07018355444484495,1,0,1
95,random_residual,12,Balanced,{'Balanced': 12},6.809966591445242,95.24691317965693,0.0714980293230094,1,0,1
96,proposed,6,Balanced,{'Balanced': 6},5.460108110476833,77.95955180779319,0.07003770524410603,1,0,1
96,best_all,6,Balanced,{'Balanced': 6},5.1188351133341,77.95955180779319,0.06566014035014499,1,0,1
96,primary_only,6,Balanced,{'Balanced': 6},5.26545571056091,77.95955180779319,0.06754086687854138,1,0,1
96,random_residual,6,Balanced,{'Balanced': 6},5.177000290824179,77.95955180779319,0.06640623465342527,1,0,1
97,proposed,8,Balanced,{'Balanced': 8},5.797668679236458,82.67419389640091,0.07012670346083472,1,0,1
97,best_all,8,Balanced,{'Balanced': 8},5.518080041605629,82.67419389640091,0.06674489077595772,1,0,1
97,primary_only,8,Balanced,{'Balanced': 8},5.940380581515629,82.67419389640091,0.07185289993827486,1,0,1
97,random_residual,8,Balanced,{'Balanced': 8},5.836526922908345,82.67419389640091,0.0705967200626365,1,0,1
98,proposed,6,Fast,{'Fast': 6},5.139479529617998,75.01710018359961,0.06851077310425818,1,0,1
98,best_all,6,Fast,{'Fast': 6},4.776098413957736,75.01710018359961,0.06366679600075899,1,0,1
98,primary_only,6,Fast,{'Fast': 6},5.044964496268704,75.01710018359961,0.06725085992289054,1,0,1
98,random_residual,6,Fast,{'Fast': 6},5.315105126685323,75.01710018359961,0.0708519139459795,1,0,1
99,proposed,16,Balanced,"{'Balanced': 12, 'Diverse': 4}",7.987898720607371,97.79270824378939,0.08168194606794382,2,1,1
99,best_all,16,Balanced,{'Balanced': 16},7.320743995637924,109.65694432505252,0.06676042306939796,1,0,1
99,primary_only,16,Balanced,{'Balanced': 12},7.066770630477302,97.79270824378939,0.07226275616440041,1,0,1
99,random_residual,16,Balanced,"{'Balanced': 12, 'Accurate': 4}",8.754595077573276,97.79270824378939,0.0895219616553493,2,0,1
100,proposed,6,Balanced,{'Balanced': 6},5.332540220758741,79.18979801651813,0.06733872739069786,1,0,1
100,best_all,6,Balanced,{'Balanced': 6},5.4373141825344025,79.18979801651813,0.06866180137749862,1,0,1
100,primary_only,6,Balanced,{'Balanced': 6},5.392800486899769,79.18979801651813,0.06809968735840051,1,0,1
100,random_residual,6,Balanced,{'Balanced': 6},4.541845242292708,79.18979801651813,0.05735391876293622,1,0,1
101,proposed,16,Fast,"{'Fast': 10, 'Diverse': 6}",7.757164063227774,82.6020254257589,0.09391009510051013,2,1,1
101,best_all,16,Balanced,{'Balanced': 16},7.129099636625296,114.67607994158479,0.06216727708391157,1,0,1
101,primary_only,16,Fast,{'Fast': 10},4.891118081988173,82.6020254257589,0.05921305266762757,1,0,1
101,random_residual,16,Fast,"{'Fast': 10, 'Accurate': 4, 'Balanced': 2}",7.689475027530138,82.6020254257589,0.09309063534333416,3,0,1
102,proposed,16,Fast,"{'Fast': 10, 'Diverse': 6}",7.386802299672349,83.11870457505519,0.08887051762220566,2,1,1
102,best_all,16,Fast,{'Fast': 16},5.584770002942143,95.78992732008831,0.05830226788125926,1,0,1
102,primary_only,16,Fast,{'Fast': 10},5.6806082435474385,83.11870457505519,0.06834332022604993,1,0,1
102,random_residual,16,Fast,"{'Fast': 10, 'Diverse': 6}",7.87476191052145,83.11870457505519,0.09474115303867175,2,1,1
103,proposed,6,Balanced,{'Balanced': 6},4.8568423282452,76.6091049020453,0.0633977166872698,1,0,1
103,best_all,6,Balanced,{'Balanced': 6},5.483559961559642,76.6091049020453,0.07157843664367422,1,0,1
103,primary_only,6,Balanced,{'Balanced': 6},5.624351830196376,76.6091049020453,0.07341623214874839,1,0,1
103,random_residual,6,Balanced,{'Balanced': 6},5.821868799653192,76.6091049020453,0.0759944762061534,1,0,1
104,proposed,12,Fast,"{'Fast': 10, 'Diverse': 2}",7.000972684800187,81.49972428948408,0.08590179593654802,2,1,1
104,best_all,12,Fast,{'Fast': 12},5.955886357761869,85.39966914738088,0.06974132824195525,1,0,1
104,primary_only,12,Fast,{'Fast': 10},5.5681683234720625,81.49972428948408,0.06832131485125188,1,0,1
104,random_residual,12,Fast,"{'Fast': 10, 'Balanced': 2}",6.1953437010481975,81.49972428948408,0.07601674429035564,2,0,1
105,proposed,12,Balanced,{'Balanced': 12},6.91716283500801,99.46280917490732,0.06954521888522214,1,0,1
105,best_all,12,Balanced,{'Balanced': 12},6.9687131433972365,99.46280917490732,0.07006350616080646,1,0,1
105,primary_only,12,Balanced,{'Balanced': 12},7.094650880305516,99.46280917490732,0.07132968532820576,1,0,1
105,random_residual,12,Balanced,{'Balanced': 12},6.782629187948529,99.46280917490732,0.06819261635795085,1,0,1
106,proposed,40,Fast,"{'Fast': 10, 'Diverse': 6, 'Accurate': 5, 'Balanced': 6}",10.010365672857407,83.16938444736522,0.12036118506074302,4,1,1
106,best_all,40,Accurate,{'Accurate': 40},8.955892562046378,216.1617647017367,0.041431437120268956,1,0,1
106,primary_only,40,Fast,{'Fast': 10},5.339692894754852,83.16938444736522,0.06420262612541208,1,0,1
106,random_residual,40,Fast,"{'Fast': 10, 'Balanced': 6, 'Diverse': 6, 'Accurate': 5}",10.081308658775416,83.16938444736522,0.12121417906075159,4,1,1
107,proposed,32,Balanced,"{'Balanced': 12, 'Diverse': 6, 'Accurate': 7, 'Fast': 7}",11.190015678636806,97.20580807216982,0.11511673942701914,4,1,1
107,best_all,32,Balanced,{'Balanced': 32},7.1540258370070395,155.5488215257862,0.045992157104328024,1,0,1
107,primary_only,32,Balanced,{'Balanced': 12},6.947212157934983,97.20580807216982,0.07146910555773654,1,0,1
107,random_residual,32,Balanced,"{'Balanced': 12, 'Diverse': 6, 'Fast': 10, 'Accurate': 4}",10.717201441842551,97.20580807216982,0.11025268607289017,4,1,1
108,proposed,12,Balanced,{'Balanced': 12},6.80785996802274,97.27363111249046,0.06998669516253489,1,0,1
108,best_all,12,Balanced,{'Balanced': 12},6.675581769408405,97.27363111249046,0.06862683846651658,1,0,1
108,primary_only,12,Balanced,{'Balanced': 12},6.791402034643888,97.27363111249046,0.06981750302700312,1,0,1
108,random_residual,12,Balanced,{'Balanced': 12},6.888545697376303,97.27363111249046,0.07081616691588453,1,0,1
109,proposed,24,Balanced,"{'Balanced': 12, 'Diverse': 6, 'Accurate': 6}",10.314858255688696,96.82318296224375,0.10653293911759729,3,1,1
109,best_all,24,Balanced,{'Balanced': 24},7.934464405241132,131.4463659244875,0.06036275213419954,1,0,1
109,primary_only,24,Balanced,{'Balanced': 12},6.8406400149659525,96.82318296224375,0.07065084833694699,1,0,1
109,random_residual,24,Balanced,"{'Balanced': 12, 'Fast': 10, 'Accurate': 2}",8.42613683483327,96.82318296224375,0.08702602596858489,3,0,1
110,proposed,12,Balanced,{'Balanced': 12},6.152870704622113,99.2682652406917,0.061982252734078695,1,0,1
110,best_all,12,Balanced,{'Balanced': 12},6.8302883927408375,99.2682652406917,0.06880636400948195,1,0,1
110,primary_only,12,Balanced,{'Balanced': 12},6.7632466355042675,99.2682652406917,0.06813100459754887,1,0,1
110,random_residual,12,Balanced,{'Balanced': 12},6.5217691694082776,99.2682652406917,0.06569842994229032,1,0,1
111,proposed,8,Balanced,{'Balanced': 8},6.132439458538456,84.65293321699471,0.07244213786212103,1,0,1
111,best_all,8,Balanced,{'Balanced': 8},6.212671364311225,84.65293321699471,0.07338991253127641,1,0,1
111,primary_only,8,Balanced,{'Balanced': 8},6.475230590519724,84.65293321699471,0.07649150885204971,1,0,1
111,random_residual,8,Balanced,{'Balanced': 8},6.036844119091249,84.65293321699471,0.0713128758765716,1,0,1
112,proposed,12,Fast,"{'Fast': 10, 'Diverse': 2}",6.811309438016703,82.53666920075317,0.08252464636596395,2,1,1
112,best_all,12,Fast,{'Fast': 12},6.289023166570462,86.6440030409038,0.07258463304842315,1,0,1
112,primary_only,12,Fast,{'Fast': 10},6.036383860878833,82.53666920075317,0.07313578218423854,1,0,1
112,random_residual,12,Fast,"{'Fast': 10, 'Diverse': 2}",7.423996101418717,82.53666920075317,0.08994785194640458,2,1,1
113,proposed,8,Balanced,{'Balanced': 8},6.074614956206582,84.62687366244452,0.07178115760764961,1,0,1
113,best_all,8,Balanced,{'Balanced': 8},5.7491270894063,84.62687366244452,0.06793500504742894,1,0,1
113,primary_only,8,Balanced,{'Balanced': 8},6.479775875316111,84.62687366244452,0.07656877295458556,1,0,1
113,random_residual,8,Balanced,{'Balanced': 8},6.555892904090739,84.62687366244452,0.07746821571408344,1,0,1
114,proposed,12,Fast,"{'Fast': 10, 'Diverse': 2}",6.998554328539138,83.53386271954355,0.08378104520362087,2,1,1
114,best_all,12,Balanced,{'Balanced': 12},6.703849462928953,100.96587992578628,0.06639717761937532,1,0,1
114,primary_only,12,Fast,{'Fast': 10},6.254536385551875,83.53386271954355,0.07487426274720282,1,0,1
114,random_residual,12,Fast,"{'Fast': 10, 'Diverse': 2}",7.145231732650165,83.53386271954355,0.08553694872987683,2,1,1
115,proposed,12,Balanced,"{'Balanced': 10, 'Diverse': 2}",7.398304394712091,95.73950117102169,0.07727535974410739,2,1,1
115,best_all,12,Balanced,{'Balanced': 12},6.902569288155918,102.44740140522602,0.06737671423068235,1,0,1
115,primary_only,12,Balanced,{'Balanced': 10},6.530161744591868,95.73950117102169,0.06820760150950535,1,0,1
115,random_residual,12,Balanced,"{'Balanced': 10, 'Fast': 2}",7.809112692153202,95.73950117102169,0.08156625631674855,2,0,1
116,proposed,16,Fast,"{'Fast': 10, 'Diverse': 6}",7.964028376027036,82.8085514492173,0.09617398489226092,2,1,1
116,best_all,16,Fast,{'Fast': 16},6.828577834158638,95.2936823187477,0.07165824289712867,1,0,1
116,primary_only,16,Fast,{'Fast': 10},5.842595771039753,82.8085514492173,0.07055546400449657,1,0,1
116,random_residual,16,Fast,"{'Fast': 10, 'Balanced': 5, 'Accurate': 1}",6.846574162096453,82.8085514492173,0.08267955473529982,3,0,1
117,proposed,32,Fast,"{'Fast': 10, 'Diverse': 6, 'Accurate': 5, 'Balanced': 6}",10.033728534031168,85.10515177081433,0.11789801586925905,4,1,1
117,best_all,32,Accurate,{'Accurate': 32},9.47745273168368,195.81329285425852,0.04840045634050817,1,0,1
117,primary_only,32,Fast,{'Fast': 10},5.7234321412179066,85.10515177081433,0.0672513005632249,1,0,1
117,random_residual,32,Fast,"{'Fast': 10, 'Diverse': 6, 'Balanced': 6, 'Accurate': 5}",10.22741752097469,85.10515177081433,0.12017389439028114,4,1,1
118,proposed,12,Balanced,{'Balanced': 12},6.80803265026105,95.05595991777628,0.07162131292083128,1,0,1
118,best_all,12,Balanced,{'Balanced': 12},6.214320997112245,95.05595991777628,0.0653753957404423,1,0,1
118,primary_only,12,Balanced,{'Balanced': 12},7.257602594763313,95.05595991777628,0.07635084218855044,1,0,1
118,random_residual,12,Balanced,{'Balanced': 12},6.368021698282995,95.05595991777628,0.06699234539098184,1,0,1
119,proposed,8,Balanced,{'Balanced': 8},5.982994410766769,85.93729228194508,0.06962046687644778,1,0,1
119,best_all,8,Balanced,{'Balanced': 8},6.263274070184663,85.93729228194508,0.07288191079649063,1,0,1
119,primary_only,8,Balanced,{'Balanced': 8},6.077240656805518,85.93729228194508,0.07071715311749834,1,0,1
119,random_residual,8,Balanced,{'Balanced': 8},5.829378631812618,85.93729228194508,0.0678329334916378,1,0,1
120,proposed,12,Fast,"{'Fast': 10, 'Diverse': 2}",6.934151625258484,84.03065733188993,0.08251930718417633,2,1,1
120,best_all,12,Fast,{'Fast': 12},5.997712882014328,88.43678879826793,0.06781920695577988,1,0,1
120,primary_only,12,Fast,{'Fast': 10},5.481948578810542,84.03065733188993,0.06523748299574617,1,0,1
120,random_residual,12,Fast,"{'Fast': 10, 'Balanced': 2}",6.381748755083507,84.03065733188993,0.07594548177670403,2,0,1
121,proposed,32,Balanced,"{'Balanced': 12, 'Diverse': 6, 'Accurate': 8, 'Fast': 6}",11.333303847748729,101.25863446685182,0.11192432040409173,4,1,1
121,best_all,32,Balanced,{'Balanced': 32},7.908196827970715,166.3563585782715,0.047537688944122136,1,0,1
121,primary_only,32,Balanced,{'Balanced': 12},7.197018185828387,101.25863446685182,0.07107559986091275,1,0,1
121,random_residual,32,Balanced,"{'Balanced': 12, 'Diverse': 6, 'Accurate': 8, 'Fast': 6}",11.36765621708446,101.25863446685182,0.11226357413308585,4,1,1
122,proposed,32,Fast,"{'Fast': 10, 'Diverse': 6, 'Accurate': 4, 'Balanced': 5}",10.424912738688406,81.09478070327711,0.12855220333886574,4,1,1
122,best_all,32,Fast,{'Fast': 32},6.593245751173176,123.10329825048674,0.05355864420267153,1,0,1
122,primary_only,32,Fast,{'Fast': 10},5.813054972833008,81.09478070327711,0.0716822330909651,1,0,1
122,random_residual,32,Fast,"{'Fast': 10, 'Accurate': 4, 'Diverse': 6, 'Balanced': 5}",9.421495822448975,81.09478070327711,0.11617881867048743,4,1,1
123,proposed,8,Balanced,{'Balanced': 8},6.237993578554657,82.92371447851292,0.07522568927096286,1,0,1
123,best_all,8,Balanced,{'Balanced': 8},5.268243227487883,82.92371447851292,0.06353120166671963,1,0,1
123,primary_only,8,Balanced,{'Balanced': 8},5.8103892954250576,82.92371447851292,0.07006909099484006,1,0,1
123,random_residual,8,Balanced,{'Balanced': 8},5.516048016173035,82.92371447851292,0.06651954812760281,1,0,1
124,proposed,16,Balanced,"{'Balanced': 12, 'Diverse': 4}",8.467676184253621,96.1207251019601,0.08809417714308261,2,1,1
124,best_all,16,Balanced,{'Balanced': 16},7.1887037413468144,107.42763346928014,0.06691670950195963,1,0,1
124,primary_only,16,Balanced,{'Balanced': 12},7.223306696832391,96.1207251019601,0.07514827514222625,1,0,1
124,random_residual,16,Balanced,"{'Balanced': 12, 'Accurate': 4}",7.7834084305840765,96.1207251019601,0.08097534035794905,2,0,1
125,proposed,24,Balanced,"{'Balanced': 12, 'Diverse': 6, 'Accurate': 6}",10.340798887371946,92.74580143586691,0.1114961402810513,3,1,1
125,best_all,24,Balanced,{'Balanced': 24},7.0582155160133695,123.29160287173382,0.057248144655531574,1,0,1
125,primary_only,24,Balanced,{'Balanced': 12},6.543192793756263,92.74580143586691,0.07054974664573724,1,0,1
125,random_residual,24,Balanced,"{'Balanced': 12, 'Diverse': 6, 'Accurate': 6}",10.393056886766974,92.74580143586691,0.11205959435213574,3,1,1
126,proposed,40,Balanced,"{'Balanced': 12, 'Diverse': 6, 'Accurate': 6, 'Fast': 10}",11.172311766463308,90.35310306668227,0.12365166648695988,4,1,1
126,best_all,40,Balanced,{'Balanced': 40},7.562853342429161,156.04367688894087,0.04846625953201412,1,0,1
126,primary_only,40,Balanced,{'Balanced': 12},6.800150172213122,90.35310306668227,0.07526194387805901,1,0,1
126,random_residual,40,Balanced,"{'Balanced': 12, 'Fast': 10, 'Diverse': 6, 'Accurate': 6}",11.337674018824371,90.35310306668227,0.12548184438620727,4,1,1
127,proposed,16,Balanced,"{'Balanced': 12, 'Diverse': 4}",8.544355479354179,98.34348631886817,0.08688277992962366,2,1,1
127,best_all,16,Balanced,{'Balanced': 16},6.629384923725976,110.39131509182424,0.06005350075059445,1,0,1
127,primary_only,16,Balanced,{'Balanced': 12},6.898271584183614,98.34348631886817,0.07014467192892379,1,0,1
127,random_residual,16,Balanced,"{'Balanced': 12, 'Fast': 4}",7.865524582793928,98.34348631886817,0.07998012758354743,2,0,1
128,proposed,12,Balanced,{'Balanced': 12},6.62673622171415,101.71397277293721,0.06515069700902795,1,0,1
128,best_all,12,Balanced,{'Balanced': 12},6.23598393989589,101.71397277293721,0.061309019497418384,1,0,1
128,primary_only,12,Balanced,{'Balanced': 12},6.026086409797129,101.71397277293721,0.05924541383561487,1,0,1
128,random_residual,12,Balanced,{'Balanced': 12},6.4981994227448565,101.71397277293721,0.06388698863676492,1,0,1
129,proposed,12,Balanced,{'Balanced': 12},7.143740074855651,92.05810611005444,0.07760033718611796,1,0,1
129,best_all,12,Balanced,{'Balanced': 12},7.562342215432643,92.05810611005444,0.08214748852634386,1,0,1
129,primary_only,12,Balanced,{'Balanced': 12},6.62766976400687,92.05810611005444,0.07199441791778298,1,0,1
129,random_residual,12,Balanced,{'Balanced': 12},6.854022955912534,92.05810611005444,0.07445322574547238,1,0,1
130,proposed,24,Balanced,"{'Balanced': 10, 'Diverse': 6, 'Accurate': 7, 'Fast': 1}",10.08081779661053,96.07078544886764,0.10493114789798307,4,1,1
130,best_all,24,Balanced,{'Balanced': 24},7.834597974903656,143.48988507728234,0.05460035019669863,1,0,1
130,primary_only,24,Balanced,{'Balanced': 10},6.586361913194362,96.07078544886764,0.06855738591519961,1,0,1
130,random_residual,24,Balanced,"{'Balanced': 10, 'Accurate': 7, 'Diverse': 6, 'Fast': 1}",9.819418598847564,96.07078544886764,0.10221024584080053,4,1,1
131,proposed,8,Balanced,{'Balanced': 8},5.426935461098643,85.13155770474337,0.06374763492429629,1,0,1
131,best_all,8,Balanced,{'Balanced': 8},6.006176293150469,85.13155770474337,0.07055170203723192,1,0,1
131,primary_only,8,Balanced,{'Balanced': 8},6.079326361453986,85.13155770474337,0.07141096116834307,1,0,1
131,random_residual,8,Balanced,{'Balanced': 8},6.260253221319384,85.13155770474337,0.07353622311283721,1,0,1
132,proposed,12,Balanced,{'Balanced': 12},7.147656169928345,98.21488762076633,0.07277568954237708,1,0,1
132,best_all,12,Balanced,{'Balanced': 12},6.481581804212824,98.21488762076633,0.065993883017409,1,0,1
132,primary_only,12,Balanced,{'Balanced': 12},7.344582973523162,98.21488762076633,0.0747807501636874,1,0,1
132,random_residual,12,Balanced,{'Balanced': 12},6.656293139591264,98.21488762076633,0.0677727511667373,1,0,1
133,proposed,16,Fast,"{'Fast': 10, 'Diverse': 6}",8.341115099372866,82.79449222870039,0.10074480650636143,2,1,1
133,best_all,16,Fast,{'Fast': 16},5.849243389534548,95.27118756592063,0.061395722452680705,1,0,1
133,primary_only,16,Fast,{'Fast': 10},4.989733076324178,82.79449222870039,0.06026648563217477,1,0,1
133,random_residual,16,Fast,"{'Fast': 10, 'Diverse': 6}",8.324861072285135,82.79449222870039,0.100548488772534,2,1,1
134,proposed,24,Balanced,"{'Balanced': 12, 'Diverse': 6, 'Accurate': 6}",10.82130720654484,99.02198712148278,0.10928186275709632,3,1,1
134,best_all,24,Accurate,{'Accurate': 24},8.83387697491051,153.44887712676115,0.05756886032872704,1,0,1
134,primary_only,24,Balanced,{'Balanced': 12},7.120922567151611,99.02198712148278,0.07191253956977732,1,0,1
134,random_residual,24,Balanced,"{'Balanced': 12, 'Accurate': 9, 'Diverse': 3}",9.823022552688677,99.02198712148278,0.09920041839432625,3,1,1
135,proposed,24,Fast,"{'Fast': 10, 'Diverse': 6, 'Accurate': 4, 'Balanced': 4}",10.13037124349789,81.86583495214018,0.1237435769075126,4,1,1
135,best_all,24,Balanced,{'Balanced': 24},7.287772156879802,137.39521971196723,0.053042399671238576,1,0,1
135,primary_only,24,Fast,{'Fast': 10},5.906194241083749,81.86583495214018,0.07214479940913797,1,0,1
135,random_residual,24,Fast,"{'Fast': 10, 'Balanced': 6, 'Diverse': 6, 'Accurate': 2}",10.184111734714723,81.86583495214018,0.12440002280155679,4,1,1
136,proposed,24,Fast,"{'Fast': 10, 'Diverse': 6, 'Accurate': 5, 'Balanced': 3}",9.865900686965826,83.25390230206273,0.11850376275661238,4,1,1
136,best_all,24,Balanced,{'Balanced': 24},7.630541613862062,136.82640843115414,0.055768047275036536,1,0,1
136,primary_only,24,Fast,{'Fast': 10},5.835546426119028,83.25390230206273,0.07009336817566142,1,0,1
136,random_residual,24,Fast,"{'Fast': 10, 'Diverse': 6, 'Balanced': 6, 'Accurate': 2}",10.025881642786246,83.25390230206273,0.12042536584543787,4,1,1
137,proposed,6,Balanced,{'Balanced': 6},4.704681597996094,82.19183494915355,0.05724025508016165,1,0,1
137,best_all,6,Balanced,{'Balanced': 6},5.279836352002036,82.19183494915355,0.06423796664557141,1,0,1
137,primary_only,6,Balanced,{'Balanced': 6},5.348908944646246,82.19183494915355,0.06507834930264363,1,0,1
137,random_residual,6,Balanced,{'Balanced': 6},5.243211729960359,82.19183494915355,0.0637923673708462,1,0,1
138,proposed,12,Balanced,{'Balanced': 12},6.527366335129674,99.59822822650523,0.06553697240763368,1,0,1
138,best_all,12,Balanced,{'Balanced': 12},6.9166675998644696,99.59822822650523,0.06944568917566142,1,0,1
138,primary_only,12,Balanced,{'Balanced': 12},6.612579689452883,99.59822822650523,0.06639254339358955,1,0,1
138,random_residual,12,Balanced,{'Balanced': 12},6.616284141330965,99.59822822650523,0.06642973734717732,1,0,1
139,proposed,16,Fast,"{'Fast': 10, 'Diverse': 6}",8.173992205499752,80.63226570706468,0.10137371353541887,2,1,1
139,best_all,16,Fast,{'Fast': 16},5.853893269339229,91.81162513130349,0.06375982628525899,1,0,1
139,primary_only,16,Fast,{'Fast': 10},5.380741866056191,80.63226570706468,0.06673186991426376,1,0,1
139,random_residual,16,Fast,"{'Fast': 10, 'Diverse': 6}",8.193764202877304,80.63226570706468,0.10161892551357886,2,1,1
140,proposed,32,Balanced,"{'Balanced': 12, 'Diverse': 6, 'Accurate': 6, 'Fast': 8}",11.723907585969853,96.49265790180965,0.12150051455624769,4,1,1
140,best_all,32,Balanced,{'Balanced': 32},7.744294160643569,153.6470877381591,0.05040313015135809,1,0,1
140,primary_only,32,Balanced,{'Balanced': 12},7.576463700319279,96.49265790180965,0.07851855120447654,1,0,1
140,random_residual,32,Balanced,"{'Balanced': 12, 'Fast': 10, 'Diverse': 6, 'Accurate': 4}",11.94774281290385,96.49265790180965,0.12382022707947171,4,1,1
141,proposed,12,Balanced,{'Balanced': 12},6.683969761565219,95.94215487764959,0.06966666289796143,1,0,1
141,best_all,12,Balanced,{'Balanced': 12},6.722488335560901,95.94215487764959,0.07006813995509864,1,0,1
141,primary_only,12,Balanced,{'Balanced': 12},7.0076945704593525,95.94215487764959,0.07304082943932132,1,0,1
141,random_residual,12,Balanced,{'Balanced': 12},6.931048991695012,95.94215487764959,0.07224195663036592,1,0,1
142,proposed,16,Balanced,"{'Balanced': 12, 'Diverse': 4}",8.312611011688862,99.59312876092667,0.08346570807754505,2,1,1
142,best_all,16,Balanced,{'Balanced': 16},7.730665534891036,112.0575050145689,0.06898837818926944,1,0,1
142,primary_only,16,Balanced,{'Balanced': 12},6.581718077859526,99.59312876092667,0.06608606597407882,1,0,1
142,random_residual,16,Balanced,"{'Balanced': 12, 'Diverse': 4}",8.812406743500741,99.59312876092667,0.08848408372283319,2,1,1
143,proposed,32,Fast,"{'Fast': 10, 'Diverse': 6, 'Accurate': 5, 'Balanced': 6}",9.738822778459634,85.61979373831281,0.11374499228794269,4,1,1
143,best_all,32,Accurate,{'Accurate': 32},9.456110323403896,192.42626152916623,0.049141475016239534,1,0,1
143,primary_only,32,Fast,{'Fast': 10},5.703970768266282,85.61979373831281,0.06661976768712877,1,0,1
143,random_residual,32,Fast,"{'Fast': 10, 'Balanced': 6, 'Diverse': 6, 'Accurate': 5}",10.22358037057266,85.61979373831281,0.11940673907507737,4,1,1
144,proposed,12,Balanced,{'Balanced': 12},6.686758478147168,98.8458929658292,0.06764831878709181,1,0,1
144,best_all,12,Balanced,{'Balanced': 12},6.7462856463271,98.8458929658292,0.06825054075498388,1,0,1
144,primary_only,12,Balanced,{'Balanced': 12},7.039209119141854,98.8458929658292,0.07121397670589402,1,0,1
144,random_residual,12,Balanced,{'Balanced': 12},6.835592717074961,98.8458929658292,0.06915403879691805,1,0,1
145,proposed,12,Balanced,"{'Balanced': 10, 'Diverse': 2}",7.565181537556561,95.44181853675443,0.07926485112648211,2,1,1
145,best_all,12,Balanced,{'Balanced': 12},7.093580910647161,102.0901822441053,0.06948347779109527,1,0,1
145,primary_only,12,Balanced,{'Balanced': 10},6.712436654491663,95.44181853675443,0.0703301420425756,1,0,1
145,random_residual,12,Balanced,"{'Balanced': 10, 'Diverse': 2}",7.3773854718924134,95.44181853675443,0.0772972014259284,2,1,1
146,proposed,16,Balanced,"{'Balanced': 12, 'Diverse': 4}",8.06107797835307,97.88345969670809,0.08235383182542098,2,1,1
146,best_all,16,Balanced,{'Balanced': 16},7.201370130551336,109.77794626227744,0.06559942480018789,1,0,1
146,primary_only,16,Balanced,{'Balanced': 12},6.690381883041078,97.88345969670809,0.0683504843798046,1,0,1
146,random_residual,16,Balanced,"{'Balanced': 12, 'Fast': 4}",8.447831161393122,97.88345969670809,0.08630499154370644,2,0,1
147,proposed,12,Fast,"{'Fast': 10, 'Diverse': 2}",7.685551145823823,82.62625889960347,0.09301584324618026,2,1,1
147,best_all,12,Balanced,{'Balanced': 12},6.86749433977064,99.61411925452266,0.06894097333956846,1,0,1
147,primary_only,12,Fast,{'Fast': 10},5.6487260761424025,82.62625889960347,0.06836478077757326,1,0,1
147,random_residual,12,Fast,"{'Fast': 10, 'Balanced': 2}",6.085200779523751,82.62625889960347,0.07364729881958815,2,0,1
148,proposed,16,Balanced,"{'Balanced': 12, 'Diverse': 4}",8.66846666562832,93.92085200476657,0.09229544324393892,2,1,1
148,best_all,16,Balanced,{'Balanced': 16},7.089839420741409,104.49446933968875,0.06784894421248158,1,0,1
148,primary_only,16,Balanced,{'Balanced': 12},6.406025878216353,93.92085200476657,0.0682066414590366,1,0,1
148,random_residual,16,Balanced,"{'Balanced': 12, 'Fast': 4}",7.69265630478748,93.92085200476657,0.08190573382359298,2,0,1
149,proposed,12,Balanced,{'Balanced': 12},7.043282856644353,99.2605073018608,0.07095755450075476,1,0,1
149,best_all,12,Balanced,{'Balanced': 12},6.31209305243669,99.2605073018608,0.0635911826769231,1,0,1
149,primary_only,12,Balanced,{'Balanced': 12},6.930731582580271,99.2605073018608,0.06982365666843961,1,0,1
149,random_residual,12,Balanced,{'Balanced': 12},6.695095571256977,99.2605073018608,0.06744974162681382,1,0,1
150,proposed,40,Fast,"{'Fast': 10, 'Diverse': 6, 'Accurate': 5, 'Balanced': 6}",10.321576490787471,83.73220302435128,0.123268899156824,4,1,1
150,best_all,40,Accurate,{'Accurate': 40},9.349261055456017,219.01795220563804,0.04268719053074657,1,0,1
150,primary_only,40,Fast,{'Fast': 10},5.543436967951886,83.73220302435128,0.06620436066085261,1,0,1
150,random_residual,40,Fast,"{'Fast': 10, 'Accurate': 5, 'Diverse': 6, 'Balanced': 6}",10.365774322639162,83.73220302435128,0.12379674663073839,4,1,1
151,proposed,6,Fast,{'Fast': 6},4.627008258002934,74.44283468609075,0.062155186291790496,1,0,1
151,best_all,6,Fast,{'Fast': 6},4.710390696838365,74.44283468609075,0.06327527312334436,1,0,1
151,primary_only,6,Fast,{'Fast': 6},4.94802477751719,74.44283468609075,0.06646744174079258,1,0,1
151,random_residual,6,Fast,{'Fast': 6},4.431114941275412,74.44283468609075,0.05952372662809605,1,0,1
152,proposed,12,Balanced,{'Balanced': 12},6.068133200318527,97.06643206947687,0.06251525961081131,1,0,1
152,best_all,12,Balanced,{'Balanced': 12},7.228762841850678,97.06643206947687,0.07447232465160122,1,0,1
152,primary_only,12,Balanced,{'Balanced': 12},6.570533173637106,97.06643206947687,0.06769109602106463,1,0,1
152,random_residual,12,Balanced,{'Balanced': 12},6.874627750796825,97.06643206947687,0.07082394607722059,1,0,1
153,proposed,12,Fast,"{'Fast': 10, 'Diverse': 2}",6.868614930806252,83.62973210020667,0.0821312559339082,2,1,1
153,best_all,12,Fast,{'Fast': 12},6.7914469648874265,87.955678520248,0.07721442298150186,1,0,1
153,primary_only,12,Fast,{'Fast': 10},5.60713295123647,83.62973210020667,0.06704712319917397,1,0,1
153,random_residual,12,Fast,"{'Fast': 10, 'Balanced': 2}",6.850441024541348,83.62973210020667,0.08191394199772187,2,0,1
154,proposed,24,Balanced,"{'Balanced': 12, 'Diverse': 6, 'Accurate': 6}",9.715114814061335,97.40963855653342,0.0997346356892906,3,1,1
154,best_all,24,Balanced,{'Balanced': 24},7.413925325662396,132.61927711306686,0.05590382851613288,1,0,1
154,primary_only,24,Balanced,{'Balanced': 12},7.1582338608476075,97.40963855653342,0.07348588873670031,1,0,1
154,random_residual,24,Balanced,"{'Balanced': 12, 'Accurate': 8, 'Fast': 4}",9.672656193529612,97.40963855653342,0.09929875869435562,3,0,1
155,proposed,6,Diverse,{'Diverse': 6},5.295784669143227,76.67582678956738,0.06906720006655055,1,1,1
155,best_all,6,Diverse,{'Diverse': 6},5.106988080900275,76.67582678956738,0.06660493006376214,1,1,1
155,primary_only,6,Diverse,{'Diverse': 6},5.587430360851496,76.67582678956738,0.07287081985024946,1,1,1
155,random_residual,6,Diverse,{'Diverse': 6},4.197581694348401,76.67582678956738,0.05474452471009454,1,1,1
156,proposed,12,Balanced,{'Balanced': 12},6.393062495782823,101.80041812637174,0.06279996303990307,1,0,1
156,best_all,12,Balanced,{'Balanced': 12},6.452109962970054,101.80041812637174,0.06337999471633421,1,0,1
156,primary_only,12,Balanced,{'Balanced': 12},6.433286392909602,101.80041812637174,0.06319508810782612,1,0,1
156,random_residual,12,Balanced,{'Balanced': 12},6.7001438939958815,101.80041812637174,0.06581646733197638,1,0,1
157,proposed,12,Fast,"{'Fast': 10, 'Diverse': 2}",7.207335137307425,84.61449588311284,0.08517849172396769,2,1,1
157,best_all,12,Balanced,{'Balanced': 12},6.148555595530587,102.92294209038613,0.05973940766414326,1,0,1
157,primary_only,12,Fast,{'Fast': 10},5.774860555093229,84.61449588311284,0.06824906884832911,1,0,1
157,random_residual,12,Fast,"{'Fast': 10, 'Diverse': 2}",6.578621293791732,84.61449588311284,0.07774815916742557,2,1,1
158,proposed,12,Fast,"{'Fast': 10, 'Diverse': 2}",7.283690946809466,82.33471050881647,0.08846440221623811,2,1,1
158,best_all,12,Balanced,{'Balanced': 12},6.959758266530309,98.2086038368802,0.07086709305113567,1,0,1
158,primary_only,12,Fast,{'Fast': 10},5.984457332917939,82.33471050881647,0.07268450081302125,1,0,1
158,random_residual,12,Fast,"{'Fast': 10, 'Accurate': 2}",7.040055636724071,82.33471050881647,0.08550531839144823,2,0,1
159,proposed,16,Fast,"{'Fast': 10, 'Diverse': 6}",8.053995357102876,78.71209148965002,0.10232221256834356,2,1,1
159,best_all,16,Fast,{'Fast': 16},6.41536984677442,88.73934638344002,0.0722945357187307,1,0,1
159,primary_only,16,Fast,{'Fast': 10},5.080714496756228,78.71209148965002,0.06454808150313601,1,0,1
159,random_residual,16,Fast,"{'Fast': 10, 'Accurate': 3, 'Diverse': 3}",8.773709663671871,78.71209148965002,0.11146584340000089,3,1,1
160,proposed,8,Fast,{'Fast': 8},4.785885318614628,77.35933113834793,0.0618656501832422,1,0,1
160,best_all,8,Fast,{'Fast': 8},5.119481994872786,77.35933113834793,0.06617795060452634,1,0,1
160,primary_only,8,Fast,{'Fast': 8},5.246899375627034,77.35933113834793,0.06782503543423328,1,0,1
160,random_residual,8,Fast,{'Fast': 8},5.450307392918638,77.35933113834793,0.07045442757476035,1,0,1
