case,context_len,draft_len,repeat_idx,cuda_ms,wall_ms,accepted_count,rejected_index
target_only,512,1,0,15.555328369140625,15.585847198963165,,
classic_spec_sampling,512,1,0,15.965087890625,16.00360870361328,0.0,0.0
target_only,512,1,1,15.53542423248291,15.563514083623886,,
classic_spec_sampling,512,1,1,16.00476837158203,16.042176634073257,0.0,0.0
target_only,512,1,2,15.780768394470215,15.82450047135353,,
classic_spec_sampling,512,1,2,15.959648132324219,15.996195375919342,0.0,0.0
target_only,512,1,3,15.545568466186523,15.575520694255829,,
classic_spec_sampling,512,1,3,15.976448059082031,16.01356640458107,0.0,0.0
target_only,512,1,4,15.543744087219238,15.5726820230484,,
classic_spec_sampling,512,1,4,18.227392196655273,18.26431229710579,0.0,0.0
target_only,512,1,5,15.51375961303711,15.543065965175629,,
classic_spec_sampling,512,1,5,15.93177604675293,15.969473868608475,0.0,0.0
target_only,512,1,6,15.542847633361816,15.572279691696167,,
classic_spec_sampling,512,1,6,15.976960182189941,16.01557433605194,0.0,0.0
target_only,512,1,7,15.551008224487305,15.579596161842346,,
classic_spec_sampling,512,1,7,15.977888107299805,16.013815999031067,0.0,0.0
target_only,512,1,8,15.619359970092773,15.650451183319092,,
classic_spec_sampling,512,1,8,15.933343887329102,15.971817076206207,0.0,0.0
target_only,512,1,9,15.551136016845703,15.580512583255768,,
classic_spec_sampling,512,1,9,15.957088470458984,15.993606299161911,0.0,0.0
target_only,512,1,10,15.537055969238281,15.565168112516403,,
classic_spec_sampling,512,1,10,15.967264175415039,16.00441336631775,0.0,0.0
target_only,512,1,11,15.545215606689453,15.57488739490509,,
classic_spec_sampling,512,1,11,15.944352149963379,15.979893505573273,0.0,0.0
target_only,512,1,12,15.558719635009766,15.588019043207169,,
classic_spec_sampling,512,1,12,15.983712196350098,16.020484268665314,0.0,0.0
target_only,512,1,13,15.550239562988281,15.5792236328125,,
classic_spec_sampling,512,1,13,15.977952003479004,16.014177352190018,0.0,0.0
target_only,512,1,14,15.7291841506958,15.758626163005829,,
classic_spec_sampling,512,1,14,16.08006477355957,16.11972600221634,0.0,0.0
target_only,512,1,15,16.631872177124023,16.664661467075348,,
classic_spec_sampling,512,1,15,16.043840408325195,16.085177659988403,0.0,0.0
target_only,512,1,16,15.574080467224121,15.601731836795807,,
classic_spec_sampling,512,1,16,15.99948787689209,16.041390597820282,0.0,0.0
target_only,512,1,17,15.573663711547852,15.602465718984604,,
classic_spec_sampling,512,1,17,15.964447975158691,16.001183539628983,0.0,0.0
target_only,512,1,18,15.50556755065918,15.533674508333206,,
classic_spec_sampling,512,1,18,15.962719917297363,16.000986099243164,0.0,0.0
target_only,512,1,19,15.546015739440918,15.57423546910286,,
classic_spec_sampling,512,1,19,15.98691177368164,16.024097800254822,0.0,0.0
target_only,512,2,0,16.773984909057617,16.802500933408737,,
classic_spec_sampling,512,2,0,17.333663940429688,17.37044006586075,0.0,0.0
target_only,512,2,1,16.769887924194336,16.797803342342377,,
classic_spec_sampling,512,2,1,17.447967529296875,17.484568059444427,0.0,0.0
target_only,512,2,2,16.80361557006836,16.83177426457405,,
classic_spec_sampling,512,2,2,17.212543487548828,17.248816788196564,0.0,0.0
target_only,512,2,3,16.75606346130371,16.785278916358948,,
classic_spec_sampling,512,2,3,17.197120666503906,17.236005514860153,0.0,0.0
target_only,512,2,4,16.77564811706543,16.804613173007965,,
classic_spec_sampling,512,2,4,17.177343368530273,17.21459999680519,0.0,0.0
target_only,512,2,5,16.775360107421875,16.805991530418396,,
classic_spec_sampling,512,2,5,17.198944091796875,17.235420644283295,0.0,0.0
target_only,512,2,6,16.773792266845703,16.804028302431107,,
classic_spec_sampling,512,2,6,17.174272537231445,17.211299389600754,0.0,0.0
target_only,512,2,7,16.739776611328125,16.768179833889008,,
classic_spec_sampling,512,2,7,17.142623901367188,17.179708927869797,0.0,0.0
target_only,512,2,8,16.748159408569336,16.776811331510544,,
classic_spec_sampling,512,2,8,17.12931251525879,17.16643199324608,0.0,0.0
target_only,512,2,9,16.744543075561523,16.774527728557587,,
classic_spec_sampling,512,2,9,17.11235237121582,17.149250954389572,0.0,0.0
target_only,512,2,10,18.8690242767334,18.898960202932358,,
classic_spec_sampling,512,2,10,17.205184936523438,17.242882400751114,0.0,0.0
target_only,512,2,11,16.719392776489258,16.74932986497879,,
classic_spec_sampling,512,2,11,17.143840789794922,17.179884016513824,0.0,0.0
target_only,512,2,12,16.704063415527344,16.733627766370773,,
classic_spec_sampling,512,2,12,17.132415771484375,17.168797552585602,0.0,0.0
target_only,512,2,13,16.719711303710938,16.74949750304222,,
classic_spec_sampling,512,2,13,17.13910484313965,17.176516354084015,0.0,0.0
target_only,512,2,14,16.707775115966797,16.735371202230453,,
classic_spec_sampling,512,2,14,17.22934341430664,17.266709357500076,0.0,0.0
target_only,512,2,15,16.794527053833008,16.822893172502518,,
classic_spec_sampling,512,2,15,17.214208602905273,17.249979078769684,0.0,0.0
target_only,512,2,16,16.751808166503906,16.78125560283661,,
classic_spec_sampling,512,2,16,17.118911743164062,17.15528964996338,0.0,0.0
target_only,512,2,17,16.70217514038086,16.731534153223038,,
classic_spec_sampling,512,2,17,17.154272079467773,17.191290855407715,0.0,0.0
target_only,512,2,18,16.96326446533203,16.993872821331024,,
classic_spec_sampling,512,2,18,24.993791580200195,25.03659576177597,0.0,0.0
target_only,512,2,19,16.836767196655273,16.86631143093109,,
classic_spec_sampling,512,2,19,17.19219207763672,17.22951978445053,0.0,0.0
target_only,512,3,0,16.74822425842285,16.776658594608307,,
classic_spec_sampling,512,3,0,17.201536178588867,17.23799854516983,0.0,0.0
target_only,512,3,1,16.716543197631836,16.74593612551689,,
classic_spec_sampling,512,3,1,17.164255142211914,17.201412469148636,0.0,0.0
target_only,512,3,2,16.732032775878906,16.76066219806671,,
classic_spec_sampling,512,3,2,17.156543731689453,17.19363033771515,0.0,0.0
target_only,512,3,3,16.743871688842773,16.77355170249939,,
classic_spec_sampling,512,3,3,17.16694450378418,17.20476895570755,0.0,0.0
target_only,512,3,4,16.77187156677246,16.80031046271324,,
classic_spec_sampling,512,3,4,17.1628475189209,17.199601978063583,0.0,0.0
target_only,512,3,5,16.734399795532227,16.771268099546432,,
classic_spec_sampling,512,3,5,17.162656784057617,17.200171947479248,0.0,0.0
target_only,512,3,6,16.72230339050293,16.751956194639206,,
classic_spec_sampling,512,3,6,17.205568313598633,17.2465518116951,0.0,0.0
target_only,512,3,7,16.826879501342773,16.856584697961807,,
classic_spec_sampling,512,3,7,17.44576072692871,17.49805361032486,0.0,0.0
target_only,512,3,8,16.696063995361328,16.724836081266403,,
classic_spec_sampling,512,3,8,17.141311645507812,17.181266099214554,0.0,0.0
target_only,512,3,9,16.69491195678711,16.725078225135803,,
classic_spec_sampling,512,3,9,17.17919921875,17.21581444144249,0.0,0.0
target_only,512,3,10,16.829856872558594,16.860991716384888,,
classic_spec_sampling,512,3,10,17.240896224975586,17.278410494327545,0.0,0.0
target_only,512,3,11,16.765247344970703,16.794707626104355,,
classic_spec_sampling,512,3,11,17.1889591217041,17.225921154022217,0.0,0.0
target_only,512,3,12,16.760032653808594,16.7887881398201,,
classic_spec_sampling,512,3,12,17.236032485961914,17.27314293384552,0.0,0.0
target_only,512,3,13,16.746240615844727,16.77466556429863,,
classic_spec_sampling,512,3,13,17.18899154663086,17.22627878189087,0.0,0.0
target_only,512,3,14,16.775327682495117,16.80438220500946,,
classic_spec_sampling,512,3,14,17.1844482421875,17.222408205270767,0.0,0.0
target_only,512,3,15,16.822463989257812,16.850929707288742,,
classic_spec_sampling,512,3,15,17.15622329711914,17.19421148300171,0.0,0.0
target_only,512,3,16,16.768896102905273,16.79866388440132,,
classic_spec_sampling,512,3,16,17.20128059387207,17.239686101675034,0.0,0.0
target_only,512,3,17,16.76643180847168,16.79602637887001,,
classic_spec_sampling,512,3,17,17.216991424560547,17.254512757062912,0.0,0.0
target_only,512,3,18,16.804319381713867,16.8352872133255,,
classic_spec_sampling,512,3,18,17.21504020690918,17.252489924430847,0.0,0.0
target_only,512,3,19,16.780864715576172,16.81147888302803,,
classic_spec_sampling,512,3,19,17.2139835357666,17.251387238502502,0.0,0.0
target_only,512,4,0,16.225055694580078,16.255199909210205,,
classic_spec_sampling,512,4,0,16.66796875,16.705572605133057,0.0,0.0
target_only,512,4,1,25.787647247314453,25.819871574640274,,
classic_spec_sampling,512,4,1,16.765663146972656,16.802556812763214,0.0,0.0
target_only,512,4,2,16.373119354248047,16.40346273779869,,
classic_spec_sampling,512,4,2,16.751583099365234,16.789279878139496,0.0,0.0
target_only,512,4,3,17.089759826660156,17.120443284511566,,
classic_spec_sampling,512,4,3,16.663616180419922,16.701292246580124,0.0,0.0
target_only,512,4,4,16.25142478942871,16.280997544527054,,
classic_spec_sampling,512,4,4,16.65238380432129,16.689900308847427,0.0,0.0
target_only,512,4,5,16.249887466430664,16.278080642223358,,
classic_spec_sampling,512,4,5,16.708768844604492,16.74683392047882,0.0,0.0
target_only,512,4,6,16.279071807861328,16.30980893969536,,
classic_spec_sampling,512,4,6,16.673887252807617,16.710728406906128,0.0,0.0
target_only,512,4,7,16.36355209350586,16.39455184340477,,
classic_spec_sampling,512,4,7,16.68560028076172,16.724400222301483,0.0,0.0
target_only,512,4,8,16.25334358215332,16.282305121421814,,
classic_spec_sampling,512,4,8,16.68623924255371,16.724243760108948,0.0,0.0
target_only,512,4,9,16.207744598388672,16.23755320906639,,
classic_spec_sampling,512,4,9,16.63654327392578,16.673728823661804,0.0,0.0
target_only,512,4,10,16.23049545288086,16.26010611653328,,
classic_spec_sampling,512,4,10,16.676767349243164,16.715887933969498,0.0,0.0
target_only,512,4,11,16.390975952148438,16.41898974776268,,
classic_spec_sampling,512,4,11,16.699487686157227,16.73690229654312,0.0,0.0
target_only,512,4,12,16.241823196411133,16.270678490400314,,
classic_spec_sampling,512,4,12,16.687807083129883,16.725599765777588,0.0,0.0
target_only,512,4,13,16.222400665283203,16.25138148665428,,
classic_spec_sampling,512,4,13,16.72332763671875,16.75834134221077,0.0,0.0
target_only,512,4,14,16.2523193359375,16.28052443265915,,
classic_spec_sampling,512,4,14,16.655616760253906,16.695067286491394,0.0,0.0
target_only,512,4,15,16.23311996459961,16.264326870441437,,
classic_spec_sampling,512,4,15,16.627168655395508,16.665048897266388,0.0,0.0
target_only,512,4,16,16.26278305053711,16.292370855808258,,
classic_spec_sampling,512,4,16,16.648128509521484,16.685500741004944,0.0,0.0
target_only,512,4,17,16.229888916015625,16.261447221040726,,
classic_spec_sampling,512,4,17,16.696128845214844,16.734551638364792,0.0,0.0
target_only,512,4,18,16.235519409179688,16.266338527202606,,
classic_spec_sampling,512,4,18,16.638080596923828,16.674548387527466,0.0,0.0
target_only,512,4,19,16.278400421142578,16.306791454553604,,
classic_spec_sampling,512,4,19,17.346336364746094,17.384376376867294,0.0,0.0
target_only,512,5,0,16.323392868041992,16.35183021426201,,
classic_spec_sampling,512,5,0,16.77680015563965,16.814496368169785,0.0,0.0
target_only,512,5,1,16.316192626953125,16.344688832759857,,
classic_spec_sampling,512,5,1,16.76688003540039,16.804583370685577,0.0,0.0
target_only,512,5,2,16.320735931396484,16.349047422409058,,
classic_spec_sampling,512,5,2,16.743743896484375,16.781654208898544,0.0,0.0
target_only,512,5,3,16.341567993164062,16.369394958019257,,
classic_spec_sampling,512,5,3,16.81145668029785,16.848597675561905,0.0,0.0
target_only,512,5,4,16.356895446777344,16.384541988372803,,
classic_spec_sampling,512,5,4,16.893280029296875,16.937032341957092,0.0,0.0
target_only,512,5,5,16.343168258666992,16.37241616845131,,
classic_spec_sampling,512,5,5,16.76211166381836,16.798630356788635,0.0,0.0
target_only,512,5,6,16.327072143554688,16.357887536287308,,
classic_spec_sampling,512,5,6,16.760160446166992,16.79632067680359,0.0,0.0
target_only,512,5,7,16.294784545898438,16.32412150502205,,
classic_spec_sampling,512,5,7,16.833343505859375,16.87123253941536,0.0,0.0
target_only,512,5,8,16.314783096313477,16.344040632247925,,
classic_spec_sampling,512,5,8,16.7653751373291,16.8042853474617,0.0,0.0
target_only,512,5,9,16.301279067993164,16.330573707818985,,
classic_spec_sampling,512,5,9,16.794143676757812,16.83272421360016,0.0,0.0
target_only,512,5,10,16.306848526000977,16.335997730493546,,
classic_spec_sampling,512,5,10,16.757280349731445,16.792412847280502,0.0,0.0
target_only,512,5,11,16.303104400634766,16.332760453224182,,
classic_spec_sampling,512,5,11,16.736703872680664,16.773145645856857,0.0,0.0
target_only,512,5,12,16.349184036254883,16.377512365579605,,
classic_spec_sampling,512,5,12,16.738208770751953,16.776151955127716,0.0,0.0
target_only,512,5,13,16.332735061645508,16.361918300390244,,
classic_spec_sampling,512,5,13,16.744096755981445,16.781345009803772,0.0,0.0
target_only,512,5,14,16.29599952697754,16.324933618307114,,
classic_spec_sampling,512,5,14,16.738239288330078,16.77469164133072,0.0,0.0
target_only,512,5,15,16.28835105895996,16.317330300807953,,
classic_spec_sampling,512,5,15,16.734111785888672,16.771800816059113,0.0,0.0
target_only,512,5,16,16.326208114624023,16.361787915229797,,
classic_spec_sampling,512,5,16,16.7542724609375,16.79081842303276,0.0,0.0
target_only,512,5,17,16.342784881591797,16.372203826904297,,
classic_spec_sampling,512,5,17,16.73859214782715,16.775164753198624,0.0,0.0
target_only,512,5,18,16.328800201416016,16.35904610157013,,
classic_spec_sampling,512,5,18,16.784576416015625,16.82043820619583,0.0,0.0
target_only,512,5,19,16.35478401184082,16.382087022066116,,
classic_spec_sampling,512,5,19,16.783552169799805,16.820423305034637,0.0,0.0
target_only,512,6,0,16.319263458251953,16.347356140613556,,
classic_spec_sampling,512,6,0,16.657344818115234,16.69314131140709,0.0,0.0
target_only,512,6,1,16.293760299682617,16.322992742061615,,
classic_spec_sampling,512,6,1,16.829984664916992,16.86687022447586,0.0,0.0
target_only,512,6,2,16.736352920532227,16.76567643880844,,
classic_spec_sampling,512,6,2,27.273439407348633,27.311697602272034,0.0,0.0
target_only,512,6,3,16.32694435119629,16.35802537202835,,
classic_spec_sampling,512,6,3,16.742528915405273,16.779229044914246,0.0,0.0
target_only,512,6,4,16.41913604736328,16.450434923171997,,
classic_spec_sampling,512,6,4,16.702943801879883,16.740772873163223,0.0,0.0
target_only,512,6,5,16.26348876953125,16.292020678520203,,
classic_spec_sampling,512,6,5,16.71241569519043,16.7505145072937,0.0,0.0
target_only,512,6,6,16.270912170410156,16.298606991767883,,
classic_spec_sampling,512,6,6,16.67852783203125,16.71488583087921,0.0,0.0
target_only,512,6,7,16.276063919067383,16.30415767431259,,
classic_spec_sampling,512,6,7,17.015743255615234,17.0559324324131,0.0,0.0
target_only,512,6,8,16.615615844726562,16.65370538830757,,
classic_spec_sampling,512,6,8,16.706560134887695,16.745399683713913,0.0,0.0
target_only,512,6,9,16.288415908813477,16.31675288081169,,
classic_spec_sampling,512,6,9,16.73276710510254,16.771145164966583,0.0,0.0
target_only,512,6,10,16.299999237060547,16.328610479831696,,
classic_spec_sampling,512,6,10,16.706207275390625,16.743548214435577,0.0,0.0
target_only,512,6,11,16.265216827392578,16.29357412457466,,
classic_spec_sampling,512,6,11,16.749343872070312,16.79210737347603,0.0,0.0
target_only,512,6,12,16.258176803588867,16.286339610815048,,
classic_spec_sampling,512,6,12,16.696128845214844,16.73230156302452,0.0,0.0
target_only,512,6,13,16.322656631469727,16.35962352156639,,
classic_spec_sampling,512,6,13,16.70636749267578,16.744960099458694,0.0,0.0
target_only,512,6,14,16.264511108398438,16.292739659547806,,
classic_spec_sampling,512,6,14,16.69718360900879,16.735069453716278,0.0,0.0
target_only,512,6,15,16.234848022460938,16.26330241560936,,
classic_spec_sampling,512,6,15,16.72051239013672,16.757704317569733,0.0,0.0
target_only,512,6,16,16.267168045043945,16.296159476041794,,
classic_spec_sampling,512,6,16,16.761472702026367,16.79963991045952,0.0,0.0
target_only,512,6,17,16.28835105895996,16.317591071128845,,
classic_spec_sampling,512,6,17,16.736896514892578,16.77439734339714,0.0,0.0
target_only,512,6,18,16.280704498291016,16.309086233377457,,
classic_spec_sampling,512,6,18,16.744064331054688,16.78243651986122,0.0,0.0
target_only,512,6,19,16.267072677612305,16.29524677991867,,
classic_spec_sampling,512,6,19,16.68547248840332,16.722481697797775,0.0,0.0
target_only,512,7,0,16.28384017944336,16.312725841999054,,
classic_spec_sampling,512,7,0,16.846847534179688,16.884680837392807,0.0,0.0
target_only,512,7,1,16.26700782775879,16.29495620727539,,
classic_spec_sampling,512,7,1,16.861087799072266,16.89768210053444,0.0,0.0
target_only,512,7,2,16.239648818969727,16.26739278435707,,
classic_spec_sampling,512,7,2,16.8703670501709,16.907669603824615,0.0,0.0
target_only,512,7,3,17.648448944091797,17.681051045656204,,
classic_spec_sampling,512,7,3,16.962528228759766,17.00117439031601,0.0,0.0
target_only,512,7,4,16.261760711669922,16.290321946144104,,
classic_spec_sampling,512,7,4,16.90652847290039,16.943413764238358,0.0,0.0
target_only,512,7,5,16.30182456970215,16.331680119037628,,
classic_spec_sampling,512,7,5,16.893695831298828,16.9304721057415,0.0,0.0
target_only,512,7,6,16.276992797851562,16.30546897649765,,
classic_spec_sampling,512,7,6,16.88092803955078,16.91746711730957,0.0,0.0
target_only,512,7,7,16.83782386779785,16.866952180862427,,
classic_spec_sampling,512,7,7,16.88809585571289,16.9258750975132,0.0,0.0
target_only,512,7,8,16.311967849731445,16.34249836206436,,
classic_spec_sampling,512,7,8,16.878528594970703,16.91792905330658,0.0,0.0
target_only,512,7,9,16.2906551361084,16.32033661007881,,
classic_spec_sampling,512,7,9,16.88787269592285,16.924593597650528,0.0,0.0
target_only,512,7,10,16.289247512817383,16.319051384925842,,
classic_spec_sampling,512,7,10,16.848735809326172,16.887322068214417,0.0,0.0
target_only,512,7,11,16.303104400634766,16.331400722265244,,
classic_spec_sampling,512,7,11,30.73481559753418,30.775301158428192,0.0,0.0
target_only,512,7,12,16.366592407226562,16.39726012945175,,
classic_spec_sampling,512,7,12,16.86969566345215,16.906987875699997,0.0,0.0
target_only,512,7,13,16.269983291625977,16.29786565899849,,
classic_spec_sampling,512,7,13,16.870752334594727,16.908690333366394,0.0,0.0
target_only,512,7,14,16.284767150878906,16.31348580121994,,
classic_spec_sampling,512,7,14,16.902624130249023,16.93979650735855,0.0,0.0
target_only,512,7,15,16.446271896362305,16.475040465593338,,
classic_spec_sampling,512,7,15,16.897247314453125,16.935627907514572,0.0,0.0
target_only,512,7,16,16.268064498901367,16.2983201444149,,
classic_spec_sampling,512,7,16,16.85990333557129,16.896430402994156,0.0,0.0
target_only,512,7,17,16.335391998291016,16.364973038434982,,
classic_spec_sampling,512,7,17,16.833152770996094,16.86955988407135,0.0,0.0
target_only,512,7,18,16.275968551635742,16.30430296063423,,
classic_spec_sampling,512,7,18,16.902816772460938,16.946759074926376,0.0,0.0
target_only,512,7,19,16.28438377380371,16.31258800625801,,
classic_spec_sampling,512,7,19,16.899295806884766,16.9362872838974,0.0,0.0
target_only,512,8,0,16.426528930664062,16.45573228597641,,
classic_spec_sampling,512,8,0,16.833728790283203,16.871560364961624,0.0,0.0
target_only,512,8,1,16.42812728881836,16.455944627523422,,
classic_spec_sampling,512,8,1,16.84876823425293,16.887236386537552,0.0,0.0
target_only,512,8,2,16.413663864135742,16.441501677036285,,
classic_spec_sampling,512,8,2,16.84003257751465,16.87648519873619,0.0,0.0
target_only,512,8,3,16.39142417907715,16.42017439007759,,
classic_spec_sampling,512,8,3,16.835071563720703,16.873423010110855,0.0,0.0
target_only,512,8,4,16.421056747436523,16.45110920071602,,
classic_spec_sampling,512,8,4,16.841535568237305,16.879107803106308,0.0,0.0
target_only,512,8,5,16.405248641967773,16.433462500572205,,
classic_spec_sampling,512,8,5,16.8590087890625,16.896549612283707,0.0,0.0
target_only,512,8,6,16.41881561279297,16.44665375351906,,
classic_spec_sampling,512,8,6,16.835168838500977,16.872495412826538,0.0,0.0
target_only,512,8,7,16.420000076293945,16.449078917503357,,
classic_spec_sampling,512,8,7,16.935104370117188,16.972865909337997,0.0,0.0
target_only,512,8,8,16.381696701049805,16.410432755947113,,
classic_spec_sampling,512,8,8,16.821279525756836,16.858235001564026,0.0,0.0
target_only,512,8,9,16.370880126953125,16.400769352912903,,
classic_spec_sampling,512,8,9,16.828479766845703,16.864486038684845,0.0,0.0
target_only,512,8,10,16.3721923828125,16.401417553424835,,
classic_spec_sampling,512,8,10,17.738752365112305,17.77789741754532,0.0,0.0
target_only,512,8,11,16.391359329223633,16.41962304711342,,
classic_spec_sampling,512,8,11,16.859039306640625,16.896039247512817,0.0,0.0
target_only,512,8,12,16.411264419555664,16.44083857536316,,
classic_spec_sampling,512,8,12,16.86079978942871,16.898982226848602,0.0,0.0
target_only,512,8,13,16.386144638061523,16.4160318672657,,
classic_spec_sampling,512,8,13,16.82793617248535,16.86500385403633,0.0,0.0
target_only,512,8,14,16.40131187438965,16.43005758523941,,
classic_spec_sampling,512,8,14,16.86662483215332,16.904741525650024,0.0,0.0
target_only,512,8,15,16.47977638244629,16.508325934410095,,
classic_spec_sampling,512,8,15,37.335968017578125,37.38436847925186,0.0,0.0
target_only,512,8,16,16.5696964263916,16.601145267486572,,
classic_spec_sampling,512,8,16,16.936384201049805,16.97615534067154,0.0,0.0
target_only,512,8,17,16.437280654907227,16.467254608869553,,
classic_spec_sampling,512,8,17,16.911712646484375,16.948025673627853,0.0,0.0
target_only,512,8,18,16.36966323852539,16.39740914106369,,
classic_spec_sampling,512,8,18,16.84556770324707,16.882408410310745,0.0,0.0
target_only,512,8,19,16.405536651611328,16.434408724308014,,
classic_spec_sampling,512,8,19,16.843711853027344,16.881216317415237,0.0,0.0
target_only,512,9,0,16.66489601135254,16.6943296790123,,
classic_spec_sampling,512,9,0,17.04431915283203,17.08175241947174,0.0,0.0
target_only,512,9,1,16.658048629760742,16.687165945768356,,
classic_spec_sampling,512,9,1,17.06924819946289,17.105206847190857,0.0,0.0
target_only,512,9,2,16.625120162963867,16.654551029205322,,
classic_spec_sampling,512,9,2,17.12188720703125,17.160169780254364,0.0,0.0
target_only,512,9,3,16.659616470336914,16.689889132976532,,
classic_spec_sampling,512,9,3,17.072128295898438,17.108339816331863,0.0,0.0
target_only,512,9,4,16.62665557861328,16.654986888170242,,
classic_spec_sampling,512,9,4,17.086143493652344,17.12356135249138,0.0,0.0
target_only,512,9,5,21.400320053100586,21.429646760225296,,
classic_spec_sampling,512,9,5,17.01456069946289,17.052028328180313,0.0,0.0
target_only,512,9,6,16.78428840637207,16.813091933727264,,
classic_spec_sampling,512,9,6,17.059871673583984,17.096832394599915,0.0,0.0
target_only,512,9,7,20.62700843811035,20.849011838436127,,
classic_spec_sampling,512,9,7,17.0947208404541,17.133790999650955,0.0,0.0
target_only,512,9,8,16.664575576782227,16.694452613592148,,
classic_spec_sampling,512,9,8,17.175296783447266,17.216432839632034,0.0,0.0
target_only,512,9,9,16.702016830444336,16.73031598329544,,
classic_spec_sampling,512,9,9,17.11414337158203,17.152972519397736,0.0,0.0
target_only,512,9,10,16.627872467041016,16.657691448926926,,
classic_spec_sampling,512,9,10,17.087839126586914,17.124835401773453,0.0,0.0
target_only,512,9,11,16.64454460144043,16.67274907231331,,
classic_spec_sampling,512,9,11,17.086687088012695,17.123587429523468,0.0,0.0
target_only,512,9,12,16.65100860595703,16.680151224136353,,
classic_spec_sampling,512,9,12,17.064767837524414,17.100699245929718,0.0,0.0
target_only,512,9,13,16.668832778930664,16.697559505701065,,
classic_spec_sampling,512,9,13,17.11052894592285,17.14891940355301,0.0,0.0
target_only,512,9,14,16.641599655151367,16.671106219291687,,
classic_spec_sampling,512,9,14,17.073440551757812,17.109669744968414,0.0,0.0
target_only,512,9,15,16.65158462524414,16.68063923716545,,
classic_spec_sampling,512,9,15,17.060415267944336,17.09563285112381,0.0,0.0
target_only,512,9,16,16.654111862182617,16.68296381831169,,
classic_spec_sampling,512,9,16,20.642431259155273,20.67917212843895,0.0,0.0
target_only,512,9,17,16.6125431060791,16.63927733898163,,
classic_spec_sampling,512,9,17,17.088607788085938,17.12551712989807,0.0,0.0
target_only,512,9,18,16.64112091064453,16.669247299432755,,
classic_spec_sampling,512,9,18,17.07734489440918,17.114344984292984,0.0,0.0
target_only,512,9,19,16.6495361328125,16.679227352142334,,
classic_spec_sampling,512,9,19,17.372671127319336,17.415128648281097,0.0,0.0
target_only,512,10,0,16.58585548400879,16.6129469871521,,
classic_spec_sampling,512,10,0,16.982528686523438,17.019066959619522,0.0,0.0
target_only,512,10,1,16.57196807861328,16.60122722387314,,
classic_spec_sampling,512,10,1,16.98236846923828,17.02168583869934,0.0,0.0
target_only,512,10,2,16.573823928833008,16.60429686307907,,
classic_spec_sampling,512,10,2,17.04297637939453,17.080549150705338,0.0,0.0
target_only,512,10,3,16.590335845947266,16.619563102722168,,
classic_spec_sampling,512,10,3,16.967039108276367,17.006102949380875,0.0,0.0
target_only,512,10,4,16.558847427368164,16.586896032094955,,
classic_spec_sampling,512,10,4,17.02681541442871,17.064295709133148,0.0,0.0
target_only,512,10,5,16.58608055114746,16.616083681583405,,
classic_spec_sampling,512,10,5,17.016799926757812,17.055202275514603,0.0,0.0
target_only,512,10,6,16.540191650390625,16.569431871175766,,
classic_spec_sampling,512,10,6,17.060800552368164,17.099864780902863,0.0,0.0
target_only,512,10,7,16.619104385375977,16.650550067424774,,
classic_spec_sampling,512,10,7,17.001951217651367,17.03902706503868,0.0,0.0
target_only,512,10,8,16.55731201171875,16.585256904363632,,
classic_spec_sampling,512,10,8,17.00534439086914,17.040465027093887,0.0,0.0
target_only,512,10,9,16.64828872680664,16.680188477039337,,
classic_spec_sampling,512,10,9,17.012704849243164,17.0498825609684,0.0,0.0
target_only,512,10,10,16.575231552124023,16.605105251073837,,
classic_spec_sampling,512,10,10,17.022911071777344,17.0598141849041,0.0,0.0
target_only,512,10,11,16.577760696411133,16.60827547311783,,
classic_spec_sampling,512,10,11,17.008319854736328,17.046410590410233,0.0,0.0
target_only,512,10,12,16.556095123291016,16.584578901529312,,
classic_spec_sampling,512,10,12,16.989728927612305,17.0266330242157,0.0,0.0
target_only,512,10,13,16.57129669189453,16.599830240011215,,
classic_spec_sampling,512,10,13,17.106111526489258,17.145361751317978,0.0,0.0
target_only,512,10,14,21.81177520751953,21.842271089553833,,
classic_spec_sampling,512,10,14,16.940383911132812,16.975000500679016,0.0,0.0
target_only,512,10,15,16.548032760620117,16.57627895474434,,
classic_spec_sampling,512,10,15,16.996000289916992,17.032723873853683,0.0,0.0
target_only,512,10,16,21.87811279296875,21.907992660999298,,
classic_spec_sampling,512,10,16,17.026655197143555,17.065852880477905,0.0,0.0
target_only,512,10,17,16.61350440979004,16.643915325403214,,
classic_spec_sampling,512,10,17,17.014144897460938,17.051536589860916,0.0,0.0
target_only,512,10,18,16.576351165771484,16.606256365776062,,
classic_spec_sampling,512,10,18,17.011072158813477,17.05041527748108,0.0,0.0
target_only,512,10,19,16.54627227783203,16.577202826738358,,
classic_spec_sampling,512,10,19,16.964832305908203,17.001107335090637,0.0,0.0
target_only,512,11,0,16.664031982421875,16.693800687789917,,
classic_spec_sampling,512,11,0,17.092159271240234,17.130039632320404,0.0,0.0
target_only,512,11,1,31.78873634338379,31.82346373796463,,
classic_spec_sampling,512,11,1,17.158655166625977,17.195478081703186,0.0,0.0
target_only,512,11,2,17.548320770263672,17.588820308446884,,
classic_spec_sampling,512,11,2,17.19584083557129,17.231885343790054,0.0,0.0
target_only,512,11,3,16.666048049926758,16.694501042366028,,
classic_spec_sampling,512,11,3,17.106815338134766,17.145104706287384,0.0,0.0
target_only,512,11,4,16.663776397705078,16.692988574504852,,
classic_spec_sampling,512,11,4,17.090335845947266,17.127912491559982,0.0,0.0
target_only,512,11,5,16.692575454711914,16.72152802348137,,
classic_spec_sampling,512,11,5,17.10588836669922,17.142627388238907,0.0,0.0
target_only,512,11,6,16.70128059387207,16.73097163438797,,
classic_spec_sampling,512,11,6,17.088224411010742,17.12575927376747,0.0,0.0
target_only,512,11,7,16.821184158325195,16.855277121067047,,
classic_spec_sampling,512,11,7,17.090496063232422,17.127223312854767,0.0,0.0
target_only,512,11,8,16.66080093383789,16.68856292963028,,
classic_spec_sampling,512,11,8,17.107711791992188,17.144065350294113,0.0,0.0
target_only,512,11,9,16.695520401000977,16.723666340112686,,
classic_spec_sampling,512,11,9,17.06572723388672,17.102111130952835,0.0,0.0
target_only,512,11,10,16.65932846069336,16.687147319316864,,
classic_spec_sampling,512,11,10,17.32646369934082,17.364773899316788,0.0,0.0
target_only,512,11,11,16.653568267822266,16.681529581546783,,
classic_spec_sampling,512,11,11,17.13827133178711,17.17480644583702,0.0,0.0
target_only,512,11,12,16.665727615356445,16.693860292434692,,
classic_spec_sampling,512,11,12,17.076128005981445,17.112690955400467,0.0,0.0
target_only,512,11,13,16.681631088256836,16.709312796592712,,
classic_spec_sampling,512,11,13,17.06764793395996,17.106223851442337,0.0,0.0
target_only,512,11,14,16.660736083984375,16.689900308847427,,
classic_spec_sampling,512,11,14,17.089088439941406,17.12741330265999,0.0,0.0
target_only,512,11,15,16.65318489074707,16.68161153793335,,
classic_spec_sampling,512,11,15,17.126976013183594,17.164196819067,0.0,0.0
target_only,512,11,16,16.645952224731445,16.675937920808792,,
classic_spec_sampling,512,11,16,17.083232879638672,17.1215757727623,0.0,0.0
target_only,512,11,17,16.731840133666992,16.762729734182358,,
classic_spec_sampling,512,11,17,17.08880043029785,17.126496881246567,0.0,0.0
target_only,512,11,18,16.801408767700195,16.83048903942108,,
classic_spec_sampling,512,11,18,17.108352661132812,17.14475452899933,0.0,0.0
target_only,512,11,19,16.715391159057617,16.744542866945267,,
classic_spec_sampling,512,11,19,17.121055603027344,17.15816557407379,0.0,0.0
target_only,512,12,0,16.59654426574707,16.62612333893776,,
classic_spec_sampling,512,12,0,17.046815872192383,17.082970589399338,0.0,0.0
target_only,512,12,1,16.595775604248047,16.623683273792267,,
classic_spec_sampling,512,12,1,16.996288299560547,17.033427953720093,0.0,0.0
target_only,512,12,2,16.61199951171875,16.640368849039078,,
classic_spec_sampling,512,12,2,17.032960891723633,17.06947386264801,0.0,0.0
target_only,512,12,3,16.611711502075195,16.640495508909225,,
classic_spec_sampling,512,12,3,19.719999313354492,19.757438451051712,0.0,0.0
target_only,512,12,4,16.595935821533203,16.625192016363144,,
classic_spec_sampling,512,12,4,54.237632751464844,54.28298935294151,0.0,0.0
target_only,512,12,5,16.645919799804688,16.674693673849106,,
classic_spec_sampling,512,12,5,17.013504028320312,17.048541456460953,0.0,0.0
target_only,512,12,6,16.60406494140625,16.63275808095932,,
classic_spec_sampling,512,12,6,17.02694320678711,17.064262181520462,0.0,0.0
target_only,512,12,7,16.601375579833984,16.630038619041443,,
classic_spec_sampling,512,12,7,17.063167572021484,17.09936186671257,0.0,0.0
target_only,512,12,8,16.58355140686035,16.61081239581108,,
classic_spec_sampling,512,12,8,17.0251522064209,17.062805593013763,0.0,0.0
target_only,512,12,9,16.585535049438477,16.615405678749084,,
classic_spec_sampling,512,12,9,17.387392044067383,17.428357154130936,0.0,0.0
target_only,512,12,10,16.582496643066406,16.61168783903122,,
classic_spec_sampling,512,12,10,17.01817512512207,17.056681215763092,0.0,0.0
target_only,512,12,11,16.790624618530273,16.81872457265854,,
classic_spec_sampling,512,12,11,17.121440887451172,17.158914357423782,0.0,0.0
target_only,512,12,12,16.608671188354492,16.637898981571198,,
classic_spec_sampling,512,12,12,17.01251220703125,17.049551010131836,0.0,0.0
target_only,512,12,13,16.599584579467773,16.630664467811584,,
classic_spec_sampling,512,12,13,17.019968032836914,17.0576311647892,0.0,0.0
target_only,512,12,14,16.653535842895508,16.68453961610794,,
classic_spec_sampling,512,12,14,17.11087989807129,17.151478677988052,0.0,0.0
target_only,512,12,15,16.595552444458008,16.62425696849823,,
classic_spec_sampling,512,12,15,17.020191192626953,17.055969685316086,0.0,0.0
target_only,512,12,16,16.56118392944336,16.588736325502396,,
classic_spec_sampling,512,12,16,16.973472595214844,17.009958624839783,0.0,0.0
target_only,512,12,17,16.577024459838867,16.606491059064865,,
classic_spec_sampling,512,12,17,17.004703521728516,17.043322324752808,0.0,0.0
target_only,512,12,18,16.572032928466797,16.60023257136345,,
classic_spec_sampling,512,12,18,17.009952545166016,17.045143991708755,0.0,0.0
target_only,512,12,19,16.534591674804688,16.562707722187042,,
classic_spec_sampling,512,12,19,16.984128952026367,17.022214829921722,0.0,0.0
target_only,512,13,0,16.82918357849121,16.85897633433342,,
classic_spec_sampling,512,13,0,17.69158363342285,17.730332911014557,0.0,0.0
target_only,512,13,1,16.733247756958008,16.76158979535103,,
classic_spec_sampling,512,13,1,17.156959533691406,17.19479262828827,0.0,0.0
target_only,512,13,2,16.749248504638672,16.778375953435898,,
classic_spec_sampling,512,13,2,17.231008529663086,17.2724649310112,0.0,0.0
target_only,512,13,3,16.781312942504883,16.8101005256176,,
classic_spec_sampling,512,13,3,17.148639678955078,17.18474179506302,0.0,0.0
target_only,512,13,4,16.750368118286133,16.778435558080673,,
classic_spec_sampling,512,13,4,17.179584503173828,17.217587679624557,0.0,0.0
target_only,512,13,5,16.775775909423828,16.80373027920723,,
classic_spec_sampling,512,13,5,17.341312408447266,17.378725111484528,0.0,0.0
target_only,512,13,6,16.800159454345703,16.8292373418808,,
classic_spec_sampling,512,13,6,17.20159912109375,17.238739877939224,0.0,0.0
target_only,512,13,7,16.737760543823242,16.76568016409874,,
classic_spec_sampling,512,13,7,17.16713523864746,17.20379665493965,0.0,0.0
target_only,512,13,8,16.747392654418945,16.77602529525757,,
classic_spec_sampling,512,13,8,17.257568359375,17.295673489570618,0.0,0.0
target_only,512,13,9,32.34694290161133,32.37883001565933,,
classic_spec_sampling,512,13,9,17.215072631835938,17.25228875875473,0.0,0.0
target_only,512,13,10,16.76438331604004,16.793034970760345,,
classic_spec_sampling,512,13,10,17.185440063476562,17.221447080373764,0.0,0.0
target_only,512,13,11,16.75071907043457,16.77878201007843,,
classic_spec_sampling,512,13,11,17.203872680664062,17.240602523088455,0.0,0.0
target_only,512,13,12,16.777759552001953,16.806427389383316,,
classic_spec_sampling,512,13,12,17.228384017944336,17.263997346162796,0.0,0.0
target_only,512,13,13,16.787168502807617,16.814664006233215,,
classic_spec_sampling,512,13,13,17.19548797607422,17.232872545719147,0.0,0.0
target_only,512,13,14,16.76972770690918,16.79990440607071,,
classic_spec_sampling,512,13,14,17.195552825927734,17.23260059952736,0.0,0.0
target_only,512,13,15,16.823455810546875,16.85434579849243,,
classic_spec_sampling,512,13,15,17.226879119873047,17.263270914554596,0.0,0.0
target_only,512,13,16,16.766239166259766,16.795583069324493,,
classic_spec_sampling,512,13,16,17.218496322631836,17.255138605833054,0.0,0.0
target_only,512,13,17,16.82499122619629,16.85420796275139,,
classic_spec_sampling,512,13,17,17.213727951049805,17.251525074243546,0.0,0.0
target_only,512,13,18,16.76688003540039,16.795925796031952,,
classic_spec_sampling,512,13,18,17.169696807861328,17.207589000463486,0.0,0.0
target_only,512,13,19,16.848159790039062,16.87800884246826,,
classic_spec_sampling,512,13,19,17.261791229248047,17.29927584528923,0.0,0.0
target_only,512,14,0,16.673664093017578,16.70222356915474,,
classic_spec_sampling,512,14,0,17.055583953857422,17.091091722249985,0.0,0.0
target_only,512,14,1,16.695552825927734,16.72665774822235,,
classic_spec_sampling,512,14,1,17.13711929321289,17.1772800385952,0.0,0.0
target_only,512,14,2,16.690624237060547,16.719259321689606,,
classic_spec_sampling,512,14,2,17.06540870666504,17.10321381688118,0.0,0.0
target_only,512,14,3,16.656288146972656,16.685232520103455,,
classic_spec_sampling,512,14,3,17.066015243530273,17.102938145399094,0.0,0.0
target_only,512,14,4,16.697248458862305,16.72743260860443,,
classic_spec_sampling,512,14,4,17.129215240478516,17.16623827815056,0.0,0.0
target_only,512,14,5,16.677152633666992,16.705825924873352,,
classic_spec_sampling,512,14,5,23.370975494384766,23.40901643037796,0.0,0.0
target_only,512,14,6,16.672767639160156,16.702283173799515,,
classic_spec_sampling,512,14,6,17.1561279296875,17.1947218477726,0.0,0.0
target_only,512,14,7,16.692352294921875,16.721997410058975,,
classic_spec_sampling,512,14,7,17.103328704833984,17.13937148451805,0.0,0.0
target_only,512,14,8,16.701824188232422,16.730576753616333,,
classic_spec_sampling,512,14,8,17.131999969482422,17.168745398521423,0.0,0.0
target_only,512,14,9,16.67091178894043,16.69970527291298,,
classic_spec_sampling,512,14,9,17.113216400146484,17.1503946185112,0.0,0.0
target_only,512,14,10,16.68137550354004,16.711529344320297,,
classic_spec_sampling,512,14,10,17.11078453063965,17.14828610420227,0.0,0.0
target_only,512,14,11,16.697568893432617,16.727019101381302,,
classic_spec_sampling,512,14,11,17.114208221435547,17.151884734630585,0.0,0.0
target_only,512,14,12,16.678112030029297,16.706258058547974,,
classic_spec_sampling,512,14,12,43.16966247558594,43.214280158281326,0.0,0.0
target_only,512,14,13,22.58835220336914,22.619057446718216,,
classic_spec_sampling,512,14,13,17.139328002929688,17.176516354084015,0.0,0.0
target_only,512,14,14,16.686559677124023,16.714733093976974,,
classic_spec_sampling,512,14,14,17.322656631469727,17.367854714393616,0.0,0.0
target_only,512,14,15,16.704256057739258,16.73375442624092,,
classic_spec_sampling,512,14,15,17.166336059570312,17.20956340432167,0.0,0.0
target_only,512,14,16,16.674560546875,16.70379564166069,,
classic_spec_sampling,512,14,16,17.141023635864258,17.178453505039215,0.0,0.0
target_only,512,14,17,16.691743850708008,16.720622777938843,,
classic_spec_sampling,512,14,17,17.113088607788086,17.150182276964188,0.0,0.0
target_only,512,14,18,16.68195152282715,16.709934920072556,,
classic_spec_sampling,512,14,18,17.14246368408203,17.17941462993622,0.0,0.0
target_only,512,14,19,16.682687759399414,16.71260967850685,,
classic_spec_sampling,512,14,19,17.123104095458984,17.161071300506592,0.0,0.0
target_only,512,15,0,16.75049591064453,16.77919179201126,,
classic_spec_sampling,512,15,0,17.176607131958008,17.213553190231323,0.0,0.0
target_only,512,15,1,16.7554874420166,16.783103346824646,,
classic_spec_sampling,512,15,1,17.173023223876953,17.211582511663437,0.0,0.0
target_only,512,15,2,16.700960159301758,16.729924827814102,,
classic_spec_sampling,512,15,2,17.16281509399414,17.200537025928497,0.0,0.0
target_only,512,15,3,16.71753692626953,16.746409237384796,,
classic_spec_sampling,512,15,3,17.16796875,17.206136137247086,0.0,0.0
target_only,512,15,4,16.756288528442383,16.78510010242462,,
classic_spec_sampling,512,15,4,17.15679931640625,17.193134874105453,0.0,0.0
target_only,512,15,5,16.736576080322266,16.765445470809937,,
classic_spec_sampling,512,15,5,17.169919967651367,17.207331955432892,0.0,0.0
target_only,512,15,6,16.730623245239258,16.759589314460754,,
classic_spec_sampling,512,15,6,17.171680450439453,17.208918929100037,0.0,0.0
target_only,512,15,7,16.719839096069336,16.749680042266846,,
classic_spec_sampling,512,15,7,17.165184020996094,17.203543335199356,0.0,0.0
target_only,512,15,8,17.123552322387695,17.15262234210968,,
classic_spec_sampling,512,15,8,17.191104888916016,17.228543758392334,0.0,0.0
target_only,512,15,9,16.752063751220703,16.780629754066467,,
classic_spec_sampling,512,15,9,17.15260887145996,17.19483733177185,0.0,0.0
target_only,512,15,10,16.71446418762207,16.742948442697525,,
classic_spec_sampling,512,15,10,17.19865608215332,17.23485067486763,0.0,0.0
target_only,512,15,11,16.7423038482666,16.772378236055374,,
classic_spec_sampling,512,15,11,17.17158317565918,17.208240926265717,0.0,0.0
target_only,512,15,12,16.77619171142578,16.80464670062065,,
classic_spec_sampling,512,15,12,17.18627166748047,17.222922295331955,0.0,0.0
target_only,512,15,13,16.723007202148438,16.751423478126526,,
classic_spec_sampling,512,15,13,17.15830421447754,17.194990068674088,0.0,0.0
target_only,512,15,14,16.76291275024414,16.79229736328125,,
classic_spec_sampling,512,15,14,17.157855987548828,17.19454675912857,0.0,0.0
target_only,512,15,15,16.74345588684082,16.770612448453903,,
classic_spec_sampling,512,15,15,17.843584060668945,17.88315922021866,0.0,0.0
target_only,512,15,16,35.04304122924805,35.075102001428604,,
classic_spec_sampling,512,15,16,17.176992416381836,17.21298322081566,0.0,0.0
target_only,512,15,17,16.71980857849121,16.74814149737358,,
classic_spec_sampling,512,15,17,22.838943481445312,22.875972092151642,0.0,0.0
target_only,512,15,18,16.731584548950195,16.759317368268967,,
classic_spec_sampling,512,15,18,17.186752319335938,17.225049436092377,0.0,0.0
target_only,512,15,19,16.721759796142578,16.751717776060104,,
classic_spec_sampling,512,15,19,17.199167251586914,17.235659062862396,0.0,0.0
target_only,512,16,0,16.677759170532227,16.70593023300171,,
classic_spec_sampling,512,16,0,17.12726402282715,17.168927937746048,0.0,0.0
target_only,512,16,1,16.71379280090332,16.742844134569168,,
classic_spec_sampling,512,16,1,17.283615112304688,17.319723963737488,0.0,0.0
target_only,512,16,2,16.6823673248291,16.71065017580986,,
classic_spec_sampling,512,16,2,17.12303924560547,17.1591117978096,0.0,0.0
target_only,512,16,3,16.632192611694336,16.66063815355301,,
classic_spec_sampling,512,16,3,17.115327835083008,17.152827233076096,0.0,0.0
target_only,512,16,4,16.720447540283203,16.751624643802643,,
classic_spec_sampling,512,16,4,17.108671188354492,17.144378274679184,0.0,0.0
target_only,512,16,5,16.701248168945312,16.73070713877678,,
classic_spec_sampling,512,16,5,17.176063537597656,17.214499413967133,0.0,0.0
target_only,512,16,6,16.707456588745117,16.736652702093124,,
classic_spec_sampling,512,16,6,17.45305633544922,17.492420971393585,0.0,0.0
target_only,512,16,7,16.699071884155273,16.727041453123093,,
classic_spec_sampling,512,16,7,17.149599075317383,17.186231911182404,0.0,0.0
target_only,512,16,8,16.702911376953125,16.73145592212677,,
classic_spec_sampling,512,16,8,17.128704071044922,17.16473326086998,0.0,0.0
target_only,512,16,9,16.68569564819336,16.71389490365982,,
classic_spec_sampling,512,16,9,17.129344940185547,17.164502292871475,0.0,0.0
target_only,512,16,10,16.686208724975586,16.71256497502327,,
classic_spec_sampling,512,16,10,17.149152755737305,17.187196761369705,0.0,0.0
target_only,512,16,11,16.72604751586914,16.755111515522003,,
classic_spec_sampling,512,16,11,17.115808486938477,17.153777182102203,0.0,0.0
target_only,512,16,12,16.72003173828125,16.74966886639595,,
classic_spec_sampling,512,16,12,17.148319244384766,17.18423143029213,0.0,0.0
target_only,512,16,13,16.695039749145508,16.723111271858215,,
classic_spec_sampling,512,16,13,17.151199340820312,17.18733459711075,0.0,0.0
target_only,512,16,14,16.731775283813477,16.76149293780327,,
classic_spec_sampling,512,16,14,17.11087989807129,17.148006707429886,0.0,0.0
target_only,512,16,15,16.71241569519043,16.74077659845352,,
classic_spec_sampling,512,16,15,17.114208221435547,17.151348292827606,0.0,0.0
target_only,512,16,16,16.655263900756836,16.681954264640808,,
classic_spec_sampling,512,16,16,17.119007110595703,17.15637743473053,0.0,0.0
target_only,512,16,17,16.722431182861328,16.751989722251892,,
classic_spec_sampling,512,16,17,17.150400161743164,17.186306416988373,0.0,0.0
target_only,512,16,18,16.718687057495117,16.74909144639969,,
classic_spec_sampling,512,16,18,17.11516761779785,17.15308055281639,0.0,0.0
target_only,512,16,19,16.674623489379883,16.70505478978157,,
classic_spec_sampling,512,16,19,17.131711959838867,17.168808728456497,0.0,0.0
target_only,512,17,0,19.779584884643555,19.80717107653618,,
classic_spec_sampling,512,17,0,18.158336639404297,18.196113407611847,0.0,0.0
target_only,512,17,1,17.78691291809082,17.81564950942993,,
classic_spec_sampling,512,17,1,18.160608291625977,18.198024481534958,0.0,0.0
target_only,512,17,2,17.733728408813477,17.763402312994003,,
classic_spec_sampling,512,17,2,18.178495407104492,18.215179443359375,0.0,0.0
target_only,512,17,3,17.704736709594727,17.735011875629425,,
classic_spec_sampling,512,17,3,18.130464553833008,18.169455230236053,0.0,0.0
target_only,512,17,4,17.67184066772461,17.699744552373886,,
classic_spec_sampling,512,17,4,18.28995132446289,18.326401710510254,0.0,0.0
target_only,512,17,5,17.700960159301758,17.729628831148148,,
classic_spec_sampling,512,17,5,18.14886474609375,18.187467008829117,0.0,0.0
target_only,512,17,6,17.672767639160156,17.702024430036545,,
classic_spec_sampling,512,17,6,18.12700843811035,18.16488429903984,0.0,0.0
target_only,512,17,7,17.724031448364258,17.751406878232956,,
classic_spec_sampling,512,17,7,18.140703201293945,18.17972958087921,0.0,0.0
target_only,512,17,8,17.68332862854004,17.714519053697586,,
classic_spec_sampling,512,17,8,18.094432830810547,18.132049590349197,0.0,0.0
target_only,512,17,9,17.67430305480957,17.702631652355194,,
classic_spec_sampling,512,17,9,18.099775314331055,18.136806786060333,0.0,0.0
target_only,512,17,10,17.680095672607422,17.708219587802887,,
classic_spec_sampling,512,17,10,18.118335723876953,18.154535442590714,0.0,0.0
target_only,512,17,11,17.66592025756836,17.695151269435883,,
classic_spec_sampling,512,17,11,18.106304168701172,18.14280077815056,0.0,0.0
target_only,512,17,12,17.674560546875,17.70225167274475,,
classic_spec_sampling,512,17,12,18.12598419189453,18.162216991186142,0.0,0.0
target_only,512,17,13,17.684799194335938,17.715241760015488,,
classic_spec_sampling,512,17,13,18.109119415283203,18.14679428935051,0.0,0.0
target_only,512,17,14,24.734111785888672,24.764448404312134,,
classic_spec_sampling,512,17,14,18.078943252563477,18.114980310201645,0.0,0.0
target_only,512,17,15,17.662399291992188,17.692290246486664,,
classic_spec_sampling,512,17,15,18.105663299560547,18.145225942134857,0.0,0.0
target_only,512,17,16,26.978879928588867,27.00907364487648,,
classic_spec_sampling,512,17,16,18.445152282714844,18.48592981696129,0.0,0.0
target_only,512,17,17,17.646560668945312,17.67577975988388,,
classic_spec_sampling,512,17,17,18.150720596313477,18.18990334868431,0.0,0.0
target_only,512,17,18,17.668031692504883,17.697691917419434,,
classic_spec_sampling,512,17,18,18.14022445678711,18.177904188632965,0.0,0.0
target_only,512,17,19,17.671871185302734,17.700619995594025,,
classic_spec_sampling,512,17,19,18.10051155090332,18.137380480766296,0.0,0.0
target_only,512,18,0,17.621023178100586,17.64863356947899,,
classic_spec_sampling,512,18,0,18.100671768188477,18.138501793146133,0.0,0.0
target_only,512,18,1,31.00716781616211,31.039360910654068,,
classic_spec_sampling,512,18,1,18.141504287719727,18.179628998041153,0.0,0.0
target_only,512,18,2,18.020448684692383,18.049880862236023,,
classic_spec_sampling,512,18,2,18.10304069519043,18.1426964700222,0.0,0.0
target_only,512,18,3,17.637184143066406,17.666146159172058,,
classic_spec_sampling,512,18,3,18.03660774230957,18.076196312904358,0.0,0.0
target_only,512,18,4,19.792448043823242,19.820082932710648,,
classic_spec_sampling,512,18,4,18.090688705444336,18.12811568379402,0.0,0.0
target_only,512,18,5,17.684736251831055,17.714180052280426,,
classic_spec_sampling,512,18,5,18.15772819519043,18.196318298578262,0.0,0.0
target_only,512,18,6,17.66409683227539,17.69338548183441,,
classic_spec_sampling,512,18,6,18.07494354248047,18.112991005182266,0.0,0.0
target_only,512,18,7,17.7010555267334,17.7326463162899,,
classic_spec_sampling,512,18,7,18.071136474609375,18.10624822974205,0.0,0.0
target_only,512,18,8,17.597312927246094,17.626162618398666,,
classic_spec_sampling,512,18,8,18.06060791015625,18.098514527082443,0.0,0.0
target_only,512,18,9,17.656448364257812,17.685893923044205,,
classic_spec_sampling,512,18,9,18.057151794433594,18.096577376127243,0.0,0.0
target_only,512,18,10,17.71164894104004,17.74207502603531,,
classic_spec_sampling,512,18,10,18.147136688232422,18.184635788202286,0.0,0.0
target_only,512,18,11,17.647104263305664,17.67812669277191,,
classic_spec_sampling,512,18,11,18.115680694580078,18.15265044569969,0.0,0.0
target_only,512,18,12,17.634784698486328,17.663564532995224,,
classic_spec_sampling,512,18,12,18.14566421508789,18.185365945100784,0.0,0.0
target_only,512,18,13,17.620927810668945,17.64986664056778,,
classic_spec_sampling,512,18,13,18.08019256591797,18.118135631084442,0.0,0.0
target_only,512,18,14,17.622783660888672,17.65286549925804,,
classic_spec_sampling,512,18,14,18.112096786499023,18.150273710489273,0.0,0.0
target_only,512,18,15,17.61484718322754,17.645705491304398,,
classic_spec_sampling,512,18,15,18.04332733154297,18.08071881532669,0.0,0.0
target_only,512,18,16,17.62006378173828,17.65000820159912,,
classic_spec_sampling,512,18,16,18.076032638549805,18.115095794200897,0.0,0.0
target_only,512,18,17,17.624191284179688,17.652563750743866,,
classic_spec_sampling,512,18,17,18.102815628051758,18.140289932489395,0.0,0.0
target_only,512,18,18,17.608671188354492,17.63729378581047,,
classic_spec_sampling,512,18,18,18.030847549438477,18.06671917438507,0.0,0.0
target_only,512,18,19,17.637920379638672,17.66568049788475,,
classic_spec_sampling,512,18,19,18.06470489501953,18.10314878821373,0.0,0.0
target_only,512,19,0,22.116416931152344,22.145241498947144,,
classic_spec_sampling,512,19,0,18.308992385864258,18.34571361541748,0.0,0.0
target_only,512,19,1,17.858112335205078,17.89027452468872,,
classic_spec_sampling,512,19,1,18.288448333740234,18.325742334127426,0.0,0.0
target_only,512,19,2,27.959999084472656,27.987942099571228,,
classic_spec_sampling,512,19,2,18.294527053833008,18.33052933216095,0.0,0.0
target_only,512,19,3,17.85785675048828,17.890460789203644,,
classic_spec_sampling,512,19,3,18.2992000579834,18.337178975343704,0.0,0.0
target_only,512,19,4,28.786624908447266,28.818808495998383,,
classic_spec_sampling,512,19,4,18.343679428100586,18.380600959062576,0.0,0.0
target_only,512,19,5,17.871519088745117,17.90095493197441,,
classic_spec_sampling,512,19,5,18.24870491027832,18.28574761748314,0.0,0.0
target_only,512,19,6,17.863136291503906,17.893314361572266,,
classic_spec_sampling,512,19,6,18.248544692993164,18.285568803548813,0.0,0.0
target_only,512,19,7,17.814815521240234,17.84425601363182,,
classic_spec_sampling,512,19,7,25.561824798583984,25.599073618650436,0.0,0.0
target_only,512,19,8,17.87164878845215,17.900779843330383,,
classic_spec_sampling,512,19,8,18.286720275878906,18.325038254261017,0.0,0.0
target_only,512,19,9,17.879776000976562,17.911724746227264,,
classic_spec_sampling,512,19,9,18.30454444885254,18.34188401699066,0.0,0.0
target_only,512,19,10,17.867807388305664,17.897240817546844,,
classic_spec_sampling,512,19,10,18.307872772216797,18.34499090909958,0.0,0.0
target_only,512,19,11,17.854143142700195,17.88324862718582,,
classic_spec_sampling,512,19,11,18.34662437438965,18.384583294391632,0.0,0.0
target_only,512,19,12,17.85126495361328,17.880860716104507,,
classic_spec_sampling,512,19,12,18.32089614868164,18.358752131462097,0.0,0.0
target_only,512,19,13,17.833471298217773,17.861951142549515,,
classic_spec_sampling,512,19,13,18.24425506591797,18.280930817127228,0.0,0.0
target_only,512,19,14,17.822240829467773,17.851244658231735,,
classic_spec_sampling,512,19,14,18.27027130126953,18.306806683540344,0.0,0.0
target_only,512,19,15,17.913759231567383,17.94365420937538,,
classic_spec_sampling,512,19,15,18.28995132446289,18.327120691537857,0.0,0.0
target_only,512,19,16,17.83843231201172,17.86680892109871,,
classic_spec_sampling,512,19,16,18.276704788208008,18.32590624690056,0.0,0.0
target_only,512,19,17,17.880224227905273,17.90941134095192,,
classic_spec_sampling,512,19,17,18.307327270507812,18.345050513744354,0.0,0.0
target_only,512,19,18,17.873632431030273,17.90361851453781,,
classic_spec_sampling,512,19,18,18.300832748413086,18.340006470680237,0.0,0.0
target_only,512,19,19,17.857440948486328,17.886873334646225,,
classic_spec_sampling,512,19,19,18.317535400390625,18.354862928390503,0.0,0.0
target_only,512,20,0,17.648223876953125,17.676550894975662,,
classic_spec_sampling,512,20,0,18.128799438476562,18.16532388329506,0.0,0.0
target_only,512,20,1,17.685056686401367,17.714060842990875,,
classic_spec_sampling,512,20,1,18.11974334716797,18.15655082464218,0.0,0.0
target_only,512,20,2,17.673856735229492,17.703484743833542,,
classic_spec_sampling,512,20,2,18.125823974609375,18.15851777791977,0.0,0.0
target_only,512,20,3,17.698240280151367,17.727114260196686,,
classic_spec_sampling,512,20,3,18.143199920654297,18.180694431066513,0.0,0.0
target_only,512,20,4,17.690176010131836,17.717890441417694,,
classic_spec_sampling,512,20,4,18.11961555480957,18.159616738557816,0.0,0.0
target_only,512,20,5,17.71651268005371,17.745450139045715,,
classic_spec_sampling,512,20,5,18.11903953552246,18.156319856643677,0.0,0.0
target_only,512,20,6,17.683839797973633,17.712533473968506,,
classic_spec_sampling,512,20,6,18.14419174194336,18.181096762418747,0.0,0.0
target_only,512,20,7,17.852991104125977,17.882362008094788,,
classic_spec_sampling,512,20,7,18.21753692626953,18.256772309541702,0.0,0.0
target_only,512,20,8,17.683744430541992,17.711695283651352,,
classic_spec_sampling,512,20,8,18.124448776245117,18.160175532102585,0.0,0.0
target_only,512,20,9,17.661439895629883,17.69067347049713,,
classic_spec_sampling,512,20,9,18.108959197998047,18.145285546779633,0.0,0.0
target_only,512,20,10,17.68720054626465,17.716605216264725,,
classic_spec_sampling,512,20,10,18.10665512084961,18.14372092485428,0.0,0.0
target_only,512,20,11,17.688640594482422,17.716769129037857,,
classic_spec_sampling,512,20,11,18.086368560791016,18.123697489500046,0.0,0.0
target_only,512,20,12,17.686464309692383,17.71504431962967,,
classic_spec_sampling,512,20,12,18.427743911743164,18.467366695404053,0.0,0.0
target_only,512,20,13,17.950271606445312,17.98257604241371,,
classic_spec_sampling,512,20,13,18.236671447753906,18.27428862452507,0.0,0.0
target_only,512,20,14,17.694303512573242,17.72312819957733,,
classic_spec_sampling,512,20,14,18.129247665405273,18.166393041610718,0.0,0.0
target_only,512,20,15,17.694656372070312,17.724208533763885,,
classic_spec_sampling,512,20,15,18.12735939025879,18.16572993993759,0.0,0.0
target_only,512,20,16,17.69945526123047,17.729368060827255,,
classic_spec_sampling,512,20,16,18.176448822021484,18.215764313936234,0.0,0.0
target_only,512,20,17,17.66681671142578,17.697207629680634,,
classic_spec_sampling,512,20,17,18.183263778686523,18.220894038677216,0.0,0.0
target_only,512,20,18,17.810304641723633,17.841171473264694,,
classic_spec_sampling,512,20,18,18.148319244384766,18.187370151281357,0.0,0.0
target_only,512,20,19,17.673599243164062,17.702866345643997,,
classic_spec_sampling,512,20,19,18.112831115722656,18.150057643651962,0.0,0.0
